Date,Price,Year,Month,Month Name,Year-Month,% Change,Moving Average
1960-01-01,35.27,1960,1,January,1960-01,0.0,
1960-02-01,35.27,1960,2,February,1960-02,0.0,
1960-03-01,35.27,1960,3,March,1960-03,0.0,35.27
1960-04-01,35.27,1960,4,April,1960-04,0.0,35.27
1960-05-01,35.27,1960,5,May,1960-05,0.0,35.27
1960-06-01,35.27,1960,6,June,1960-06,0.0,35.27
1960-07-01,35.27,1960,7,July,1960-07,0.0,35.27
1960-08-01,35.27,1960,8,August,1960-08,0.0,35.27
1960-09-01,35.27,1960,9,September,1960-09,0.0,35.27
1960-10-01,35.27,1960,10,October,1960-10,0.0,35.27
1960-11-01,35.27,1960,11,November,1960-11,0.0,35.27
1960-12-01,35.27,1960,12,December,1960-12,0.0,35.27
1961-01-01,35.25,1961,1,January,1961-01,-0.06,35.26
1961-02-01,35.25,1961,2,February,1961-02,0.0,35.26
1961-03-01,35.25,1961,3,March,1961-03,0.0,35.25
1961-04-01,35.25,1961,4,April,1961-04,0.0,35.25
1961-05-01,35.25,1961,5,May,1961-05,0.0,35.25
1961-06-01,35.25,1961,6,June,1961-06,0.0,35.25
1961-07-01,35.25,1961,7,July,1961-07,0.0,35.25
1961-08-01,35.25,1961,8,August,1961-08,0.0,35.25
1961-09-01,35.25,1961,9,September,1961-09,0.0,35.25
1961-10-01,35.25,1961,10,October,1961-10,0.0,35.25
1961-11-01,35.25,1961,11,November,1961-11,0.0,35.25
1961-12-01,35.25,1961,12,December,1961-12,0.0,35.25
1962-01-01,35.23,1962,1,January,1962-01,-0.06,35.24
1962-02-01,35.23,1962,2,February,1962-02,0.0,35.24
1962-03-01,35.23,1962,3,March,1962-03,0.0,35.23
1962-04-01,35.23,1962,4,April,1962-04,0.0,35.23
1962-05-01,35.23,1962,5,May,1962-05,0.0,35.23
1962-06-01,35.23,1962,6,June,1962-06,0.0,35.23
1962-07-01,35.23,1962,7,July,1962-07,0.0,35.23
1962-08-01,35.23,1962,8,August,1962-08,0.0,35.23
1962-09-01,35.23,1962,9,September,1962-09,0.0,35.23
1962-10-01,35.23,1962,10,October,1962-10,0.0,35.23
1962-11-01,35.23,1962,11,November,1962-11,0.0,35.23
1962-12-01,35.23,1962,12,December,1962-12,0.0,35.23
1963-01-01,35.09,1963,1,January,1963-01,-0.4,35.18
1963-02-01,35.09,1963,2,February,1963-02,0.0,35.14
1963-03-01,35.09,1963,3,March,1963-03,0.0,35.09
1963-04-01,35.09,1963,4,April,1963-04,0.0,35.09
1963-05-01,35.09,1963,5,May,1963-05,0.0,35.09
1963-06-01,35.09,1963,6,June,1963-06,0.0,35.09
1963-07-01,35.09,1963,7,July,1963-07,0.0,35.09
1963-08-01,35.09,1963,8,August,1963-08,0.0,35.09
1963-09-01,35.09,1963,9,September,1963-09,0.0,35.09
1963-10-01,35.09,1963,10,October,1963-10,0.0,35.09
1963-11-01,35.09,1963,11,November,1963-11,0.0,35.09
1963-12-01,35.09,1963,12,December,1963-12,0.0,35.09
1964-01-01,35.1,1964,1,January,1964-01,0.03,35.09
1964-02-01,35.1,1964,2,February,1964-02,0.0,35.1
1964-03-01,35.1,1964,3,March,1964-03,0.0,35.1
1964-04-01,35.1,1964,4,April,1964-04,0.0,35.1
1964-05-01,35.1,1964,5,May,1964-05,0.0,35.1
1964-06-01,35.1,1964,6,June,1964-06,0.0,35.1
1964-07-01,35.1,1964,7,July,1964-07,0.0,35.1
1964-08-01,35.1,1964,8,August,1964-08,0.0,35.1
1964-09-01,35.1,1964,9,September,1964-09,0.0,35.1
1964-10-01,35.1,1964,10,October,1964-10,0.0,35.1
1964-11-01,35.1,1964,11,November,1964-11,0.0,35.1
1964-12-01,35.1,1964,12,December,1964-12,0.0,35.1
1965-01-01,35.12,1965,1,January,1965-01,0.06,35.11
1965-02-01,35.12,1965,2,February,1965-02,0.0,35.11
1965-03-01,35.12,1965,3,March,1965-03,0.0,35.12
1965-04-01,35.12,1965,4,April,1965-04,0.0,35.12
1965-05-01,35.12,1965,5,May,1965-05,0.0,35.12
1965-06-01,35.12,1965,6,June,1965-06,0.0,35.12
1965-07-01,35.12,1965,7,July,1965-07,0.0,35.12
1965-08-01,35.12,1965,8,August,1965-08,0.0,35.12
1965-09-01,35.12,1965,9,September,1965-09,0.0,35.12
1965-10-01,35.12,1965,10,October,1965-10,0.0,35.12
1965-11-01,35.12,1965,11,November,1965-11,0.0,35.12
1965-12-01,35.12,1965,12,December,1965-12,0.0,35.12
1966-01-01,35.13,1966,1,January,1966-01,0.03,35.12
1966-02-01,35.13,1966,2,February,1966-02,0.0,35.13
1966-03-01,35.13,1966,3,March,1966-03,0.0,35.13
1966-04-01,35.13,1966,4,April,1966-04,0.0,35.13
1966-05-01,35.13,1966,5,May,1966-05,0.0,35.13
1966-06-01,35.13,1966,6,June,1966-06,0.0,35.13
1966-07-01,35.13,1966,7,July,1966-07,0.0,35.13
1966-08-01,35.13,1966,8,August,1966-08,0.0,35.13
1966-09-01,35.13,1966,9,September,1966-09,0.0,35.13
1966-10-01,35.13,1966,10,October,1966-10,0.0,35.13
1966-11-01,35.13,1966,11,November,1966-11,0.0,35.13
1966-12-01,35.13,1966,12,December,1966-12,0.0,35.13
1967-01-01,34.95,1967,1,January,1967-01,-0.51,35.07
1967-02-01,34.95,1967,2,February,1967-02,0.0,35.01
1967-03-01,34.95,1967,3,March,1967-03,0.0,34.95
1967-04-01,34.95,1967,4,April,1967-04,0.0,34.95
1967-05-01,34.95,1967,5,May,1967-05,0.0,34.95
1967-06-01,34.95,1967,6,June,1967-06,0.0,34.95
1967-07-01,34.95,1967,7,July,1967-07,0.0,34.95
1967-08-01,34.95,1967,8,August,1967-08,0.0,34.95
1967-09-01,34.95,1967,9,September,1967-09,0.0,34.95
1967-10-01,34.95,1967,10,October,1967-10,0.0,34.95
1967-11-01,34.95,1967,11,November,1967-11,0.0,34.95
1967-12-01,34.95,1967,12,December,1967-12,0.0,34.95
1968-01-01,35.5,1968,1,January,1968-01,1.57,35.13
1968-02-01,36.0,1968,2,February,1968-02,1.41,35.48
1968-03-01,37.0,1968,3,March,1968-03,2.78,36.17
1968-04-01,37.86,1968,4,April,1968-04,2.32,36.95
1968-05-01,40.7,1968,5,May,1968-05,7.5,38.52
1968-06-01,41.14,1968,6,June,1968-06,1.08,39.9
1968-07-01,39.46,1968,7,July,1968-07,-4.08,40.43
1968-08-01,39.19,1968,8,August,1968-08,-0.68,39.93
1968-09-01,40.18,1968,9,September,1968-09,2.53,39.61
1968-10-01,39.21,1968,10,October,1968-10,-2.41,39.53
1968-11-01,39.78,1968,11,November,1968-11,1.45,39.72
1968-12-01,41.08,1968,12,December,1968-12,3.27,40.02
1969-01-01,42.3,1969,1,January,1969-01,2.97,41.05
1969-02-01,42.6,1969,2,February,1969-02,0.71,41.99
1969-03-01,43.16,1969,3,March,1969-03,1.31,42.69
1969-04-01,43.31,1969,4,April,1969-04,0.35,43.02
1969-05-01,43.46,1969,5,May,1969-05,0.35,43.31
1969-06-01,41.44,1969,6,June,1969-06,-4.65,42.74
1969-07-01,41.76,1969,7,July,1969-07,0.77,42.22
1969-08-01,41.09,1969,8,August,1969-08,-1.6,41.43
1969-09-01,40.87,1969,9,September,1969-09,-0.54,41.24
1969-10-01,40.44,1969,10,October,1969-10,-1.05,40.8
1969-11-01,37.4,1969,11,November,1969-11,-7.52,39.57
1969-12-01,35.17,1969,12,December,1969-12,-5.96,37.67
1970-01-01,34.94,1970,1,January,1970-01,-0.65,35.84
1970-02-01,34.99,1970,2,February,1970-02,0.14,35.03
1970-03-01,35.09,1970,3,March,1970-03,0.29,35.01
1970-04-01,35.62,1970,4,April,1970-04,1.51,35.23
1970-05-01,35.95,1970,5,May,1970-05,0.93,35.55
1970-06-01,35.42,1970,6,June,1970-06,-1.47,35.66
1970-07-01,35.32,1970,7,July,1970-07,-0.28,35.56
1970-08-01,35.38,1970,8,August,1970-08,0.17,35.37
1970-09-01,36.19,1970,9,September,1970-09,2.29,35.63
1970-10-01,37.52,1970,10,October,1970-10,3.68,36.36
1970-11-01,37.44,1970,11,November,1970-11,-0.21,37.05
1970-12-01,37.44,1970,12,December,1970-12,0.0,37.47
1971-01-01,37.88,1971,1,January,1971-01,1.18,37.59
1971-02-01,38.74,1971,2,February,1971-02,2.27,38.02
1971-03-01,38.87,1971,3,March,1971-03,0.34,38.5
1971-04-01,39.01,1971,4,April,1971-04,0.36,38.87
1971-05-01,40.52,1971,5,May,1971-05,3.87,39.47
1971-06-01,40.1,1971,6,June,1971-06,-1.04,39.88
1971-07-01,40.95,1971,7,July,1971-07,2.12,40.52
1971-08-01,42.71,1971,8,August,1971-08,4.3,41.25
1971-09-01,42.03,1971,9,September,1971-09,-1.59,41.9
1971-10-01,42.5,1971,10,October,1971-10,1.12,42.41
1971-11-01,42.86,1971,11,November,1971-11,0.85,42.46
1971-12-01,43.48,1971,12,December,1971-12,1.45,42.95
1972-01-01,45.75,1972,1,January,1972-01,5.22,44.03
1972-02-01,48.26,1972,2,February,1972-02,5.49,45.83
1972-03-01,48.33,1972,3,March,1972-03,0.15,47.45
1972-04-01,49.03,1972,4,April,1972-04,1.45,48.54
1972-05-01,54.62,1972,5,May,1972-05,11.4,50.66
1972-06-01,62.09,1972,6,June,1972-06,13.68,55.25
1972-07-01,65.66,1972,7,July,1972-07,5.75,60.79
1972-08-01,67.03,1972,8,August,1972-08,2.09,64.93
1972-09-01,65.46,1972,9,September,1972-09,-2.34,66.05
1972-10-01,64.86,1972,10,October,1972-10,-0.92,65.78
1972-11-01,62.91,1972,11,November,1972-11,-3.01,64.41
1972-12-01,63.91,1972,12,December,1972-12,1.59,63.89
1973-01-01,65.14,1973,1,January,1973-01,1.92,63.99
1973-02-01,74.2,1973,2,February,1973-02,13.91,67.75
1973-03-01,84.37,1973,3,March,1973-03,13.71,74.57
1973-04-01,90.5,1973,4,April,1973-04,7.27,83.02
1973-05-01,101.96,1973,5,May,1973-05,12.66,92.28
1973-06-01,120.12,1973,6,June,1973-06,17.81,104.19
1973-07-01,120.17,1973,7,July,1973-07,0.04,114.08
1973-08-01,106.76,1973,8,August,1973-08,-11.16,115.68
1973-09-01,102.97,1973,9,September,1973-09,-3.55,109.97
1973-10-01,100.08,1973,10,October,1973-10,-2.81,103.27
1973-11-01,94.92,1973,11,November,1973-11,-5.16,99.32
1973-12-01,106.72,1973,12,December,1973-12,12.43,100.57
1974-01-01,129.19,1974,1,January,1974-01,21.06,110.28
1974-02-01,150.13,1974,2,February,1974-02,16.21,128.68
1974-03-01,168.42,1974,3,March,1974-03,12.18,149.25
1974-04-01,172.24,1974,4,April,1974-04,2.27,163.6
1974-05-01,163.27,1974,5,May,1974-05,-5.21,167.98
1974-06-01,154.1,1974,6,June,1974-06,-5.62,163.2
1974-07-01,142.98,1974,7,July,1974-07,-7.22,153.45
1974-08-01,154.64,1974,8,August,1974-08,8.15,150.57
1974-09-01,151.75,1974,9,September,1974-09,-1.87,149.79
1974-10-01,158.78,1974,10,October,1974-10,4.63,155.06
1974-11-01,181.66,1974,11,November,1974-11,14.41,164.06
1974-12-01,183.78,1974,12,December,1974-12,1.17,174.74
1975-01-01,176.27,1975,1,January,1975-01,-4.09,180.57
1975-02-01,179.6,1975,2,February,1975-02,1.89,179.88
1975-03-01,178.16,1975,3,March,1975-03,-0.8,178.01
1975-04-01,169.84,1975,4,April,1975-04,-4.67,175.87
1975-05-01,167.39,1975,5,May,1975-05,-1.44,171.8
1975-06-01,164.24,1975,6,June,1975-06,-1.88,167.16
1975-07-01,165.17,1975,7,July,1975-07,0.57,165.6
1975-08-01,163.0,1975,8,August,1975-08,-1.31,164.14
1975-09-01,144.17,1975,9,September,1975-09,-11.55,157.45
1975-10-01,142.79,1975,10,October,1975-10,-0.96,149.99
1975-11-01,142.42,1975,11,November,1975-11,-0.26,143.13
1975-12-01,139.3,1975,12,December,1975-12,-2.19,141.5
1976-01-01,131.05,1976,1,January,1976-01,-5.92,137.59
1976-02-01,131.06,1976,2,February,1976-02,0.01,133.8
1976-03-01,132.76,1976,3,March,1976-03,1.3,131.62
1976-04-01,127.94,1976,4,April,1976-04,-3.63,130.59
1976-05-01,126.92,1976,5,May,1976-05,-0.8,129.21
1976-06-01,125.71,1976,6,June,1976-06,-0.95,126.86
1976-07-01,117.73,1976,7,July,1976-07,-6.35,123.45
1976-08-01,109.93,1976,8,August,1976-08,-6.63,117.79
1976-09-01,114.15,1976,9,September,1976-09,3.84,113.94
1976-10-01,116.15,1976,10,October,1976-10,1.75,113.41
1976-11-01,130.46,1976,11,November,1976-11,12.32,120.25
1976-12-01,133.93,1976,12,December,1976-12,2.66,126.85
1977-01-01,132.26,1977,1,January,1977-01,-1.25,132.22
1977-02-01,136.24,1977,2,February,1977-02,3.01,134.14
1977-03-01,148.23,1977,3,March,1977-03,8.8,138.91
1977-04-01,149.17,1977,4,April,1977-04,0.63,144.55
1977-05-01,146.61,1977,5,May,1977-05,-1.72,148.0
1977-06-01,140.78,1977,6,June,1977-06,-3.98,145.52
1977-07-01,143.39,1977,7,July,1977-07,1.85,143.59
1977-08-01,144.94,1977,8,August,1977-08,1.08,143.04
1977-09-01,149.53,1977,9,September,1977-09,3.17,145.95
1977-10-01,158.95,1977,10,October,1977-10,6.3,151.14
1977-11-01,162.1,1977,11,November,1977-11,1.98,156.86
1977-12-01,160.45,1977,12,December,1977-12,-1.02,160.5
1978-01-01,173.18,1978,1,January,1978-01,7.93,165.24
1978-02-01,178.14,1978,2,February,1978-02,2.86,170.59
1978-03-01,183.61,1978,3,March,1978-03,3.07,178.31
1978-04-01,175.28,1978,4,April,1978-04,-4.54,179.01
1978-05-01,176.31,1978,5,May,1978-05,0.59,178.4
1978-06-01,183.75,1978,6,June,1978-06,4.22,178.45
1978-07-01,188.73,1978,7,July,1978-07,2.71,182.93
1978-08-01,206.3,1978,8,August,1978-08,9.31,192.93
1978-09-01,212.08,1978,9,September,1978-09,2.8,202.37
1978-10-01,227.44,1978,10,October,1978-10,7.24,215.27
1978-11-01,206.2,1978,11,November,1978-11,-9.34,215.24
1978-12-01,207.85,1978,12,December,1978-12,0.8,213.83
1979-01-01,227.28,1979,1,January,1979-01,9.35,213.78
1979-02-01,245.67,1979,2,February,1979-02,8.09,226.93
1979-03-01,242.05,1979,3,March,1979-03,-1.47,238.33
1979-04-01,239.11,1979,4,April,1979-04,-1.21,242.28
1979-05-01,257.59,1979,5,May,1979-05,7.73,246.25
1979-06-01,279.07,1979,6,June,1979-06,8.34,258.59
1979-07-01,294.74,1979,7,July,1979-07,5.62,277.13
1979-08-01,300.82,1979,8,August,1979-08,2.06,291.54
1979-09-01,354.95,1979,9,September,1979-09,17.99,316.84
1979-10-01,391.66,1979,10,October,1979-10,10.34,349.14
1979-11-01,391.99,1979,11,November,1979-11,0.08,379.53
1979-12-01,455.08,1979,12,December,1979-12,16.09,412.91
1980-01-01,675.31,1980,1,January,1980-01,48.39,507.46
1980-02-01,665.32,1980,2,February,1980-02,-1.48,598.57
1980-03-01,553.58,1980,3,March,1980-03,-16.79,631.4
1980-04-01,517.41,1980,4,April,1980-04,-6.53,578.77
1980-05-01,513.8,1980,5,May,1980-05,-0.7,528.26
1980-06-01,600.72,1980,6,June,1980-06,16.92,543.98
1980-07-01,643.27,1980,7,July,1980-07,7.08,585.93
1980-08-01,627.15,1980,8,August,1980-08,-2.51,623.71
1980-09-01,673.63,1980,9,September,1980-09,7.41,648.02
1980-10-01,661.15,1980,10,October,1980-10,-1.85,653.98
1980-11-01,624.77,1980,11,November,1980-11,-5.5,653.18
1980-12-01,538.26,1980,12,December,1980-12,-13.85,608.06
1981-01-01,557.39,1981,1,January,1981-01,3.55,573.47
1981-02-01,499.76,1981,2,February,1981-02,-10.34,531.8
1981-03-01,499.11,1981,3,March,1981-03,-0.13,518.75
1981-04-01,495.8,1981,4,April,1981-04,-0.66,498.22
1981-05-01,479.7,1981,5,May,1981-05,-3.25,491.54
1981-06-01,461.09,1981,6,June,1981-06,-3.88,478.86
1981-07-01,409.07,1981,7,July,1981-07,-11.28,449.95
1981-08-01,410.16,1981,8,August,1981-08,0.27,426.77
1981-09-01,443.75,1981,9,September,1981-09,8.19,420.99
1981-10-01,437.76,1981,10,October,1981-10,-1.35,430.56
1981-11-01,413.37,1981,11,November,1981-11,-5.57,431.63
1981-12-01,410.09,1981,12,December,1981-12,-0.79,420.41
1982-01-01,384.14,1982,1,January,1982-01,-6.33,402.53
1982-02-01,374.13,1982,2,February,1982-02,-2.61,389.45
1982-03-01,330.25,1982,3,March,1982-03,-11.73,362.84
1982-04-01,350.3,1982,4,April,1982-04,6.07,351.56
1982-05-01,333.71,1982,5,May,1982-05,-4.74,338.09
1982-06-01,314.98,1982,6,June,1982-06,-5.61,333.0
1982-07-01,338.97,1982,7,July,1982-07,7.62,329.22
1982-08-01,364.23,1982,8,August,1982-08,7.45,339.39
1982-09-01,437.31,1982,9,September,1982-09,20.06,380.17
1982-10-01,422.15,1982,10,October,1982-10,-3.47,407.9
1982-11-01,414.89,1982,11,November,1982-11,-1.72,424.78
1982-12-01,444.5,1982,12,December,1982-12,7.14,427.18
1983-01-01,481.29,1983,1,January,1983-01,8.28,446.89
1983-02-01,491.09,1983,2,February,1983-02,2.04,472.29
1983-03-01,419.7,1983,3,March,1983-03,-14.54,464.03
1983-04-01,432.88,1983,4,April,1983-04,3.14,447.89
1983-05-01,438.01,1983,5,May,1983-05,1.19,430.2
1983-06-01,412.84,1983,6,June,1983-06,-5.75,427.91
1983-07-01,402.91,1983,7,July,1983-07,-2.41,417.92
1983-08-01,416.2,1983,8,August,1983-08,3.3,410.65
1983-09-01,411.8,1983,9,September,1983-09,-1.06,410.3
1983-10-01,393.6,1983,10,October,1983-10,-4.42,407.2
1983-11-01,381.7,1983,11,November,1983-11,-3.02,395.7
1983-12-01,388.34,1983,12,December,1983-12,1.74,387.88
1984-01-01,370.89,1984,1,January,1984-01,-4.49,380.31
1984-02-01,385.96,1984,2,February,1984-02,4.06,381.73
1984-03-01,394.26,1984,3,March,1984-03,2.15,383.7
1984-04-01,381.37,1984,4,April,1984-04,-3.27,387.2
1984-05-01,377.4,1984,5,May,1984-05,-1.04,384.34
1984-06-01,377.7,1984,6,June,1984-06,0.08,378.82
1984-07-01,347.71,1984,7,July,1984-07,-7.94,367.6
1984-08-01,347.7,1984,8,August,1984-08,-0.0,357.7
1984-09-01,340.2,1984,9,September,1984-09,-2.16,345.2
1984-10-01,341.0,1984,10,October,1984-10,0.24,342.97
1984-11-01,342.0,1984,11,November,1984-11,0.29,341.07
1984-12-01,319.54,1984,12,December,1984-12,-6.57,334.18
1985-01-01,302.79,1985,1,January,1985-01,-5.24,321.44
1985-02-01,299.1,1985,2,February,1985-02,-1.22,307.14
1985-03-01,313.5,1985,3,March,1985-03,4.81,305.13
1985-04-01,326.8,1985,4,April,1985-04,4.24,313.13
1985-05-01,316.0,1985,5,May,1985-05,-3.3,318.77
1985-06-01,316.5,1985,6,June,1985-06,0.16,319.77
1985-07-01,317.2,1985,7,July,1985-07,0.22,316.57
1985-08-01,330.4,1985,8,August,1985-08,4.16,321.37
1985-09-01,323.35,1985,9,September,1985-09,-2.13,323.65
1985-10-01,325.85,1985,10,October,1985-10,0.77,326.53
1985-11-01,321.5,1985,11,November,1985-11,-1.33,323.57
1985-12-01,321.9,1985,12,December,1985-12,0.12,323.08
1986-01-01,347.48,1986,1,January,1986-01,7.95,330.29
1986-02-01,338.89,1986,2,February,1986-02,-2.47,336.09
1986-03-01,345.7,1986,3,March,1986-03,2.01,344.02
1986-04-01,340.44,1986,4,April,1986-04,-1.52,341.68
1986-05-01,342.4,1986,5,May,1986-05,0.58,342.85
1986-06-01,342.7,1986,6,June,1986-06,0.09,341.85
1986-07-01,348.34,1986,7,July,1986-07,1.65,344.48
1986-08-01,376.66,1986,8,August,1986-08,8.13,355.9
1986-09-01,417.73,1986,9,September,1986-09,10.9,380.91
1986-10-01,423.51,1986,10,October,1986-10,1.38,405.97
1986-11-01,397.56,1986,11,November,1986-11,-6.13,412.93
1986-12-01,390.92,1986,12,December,1986-12,-1.67,404.0
1987-01-01,408.26,1987,1,January,1987-01,4.44,398.91
1987-02-01,401.12,1987,2,February,1987-02,-1.75,400.1
1987-03-01,408.91,1987,3,March,1987-03,1.94,406.1
1987-04-01,438.35,1987,4,April,1987-04,7.2,416.13
1987-05-01,460.23,1987,5,May,1987-05,4.99,435.83
1987-06-01,449.59,1987,6,June,1987-06,-2.31,449.39
1987-07-01,450.52,1987,7,July,1987-07,0.21,453.45
1987-08-01,461.15,1987,8,August,1987-08,2.36,453.75
1987-09-01,460.38,1987,9,September,1987-09,-0.17,457.35
1987-10-01,465.35,1987,10,October,1987-10,1.08,462.29
1987-11-01,467.57,1987,11,November,1987-11,0.48,464.43
1987-12-01,486.24,1987,12,December,1987-12,3.99,473.05
1988-01-01,476.58,1988,1,January,1988-01,-1.99,476.8
1988-02-01,442.07,1988,2,February,1988-02,-7.24,468.3
1988-03-01,443.61,1988,3,March,1988-03,0.35,454.09
1988-04-01,451.55,1988,4,April,1988-04,1.79,445.74
1988-05-01,451.07,1988,5,May,1988-05,-0.11,448.74
1988-06-01,451.33,1988,6,June,1988-06,0.06,451.32
1988-07-01,437.63,1988,7,July,1988-07,-3.04,446.68
1988-08-01,431.28,1988,8,August,1988-08,-1.45,440.08
1988-09-01,413.46,1988,9,September,1988-09,-4.13,427.46
1988-10-01,406.78,1988,10,October,1988-10,-1.62,417.17
1988-11-01,420.17,1988,11,November,1988-11,3.29,413.47
1988-12-01,419.05,1988,12,December,1988-12,-0.27,415.33
1989-01-01,404.01,1989,1,January,1989-01,-3.59,414.41
1989-02-01,387.51,1989,2,February,1989-02,-4.08,403.52
1989-03-01,390.15,1989,3,March,1989-03,0.68,393.89
1989-04-01,384.4,1989,4,April,1989-04,-1.47,387.35
1989-05-01,371.05,1989,5,May,1989-05,-3.47,381.87
1989-06-01,367.6,1989,6,June,1989-06,-0.93,374.35
1989-07-01,375.04,1989,7,July,1989-07,2.02,371.23
1989-08-01,365.14,1989,8,August,1989-08,-2.64,369.26
1989-09-01,361.75,1989,9,September,1989-09,-0.93,367.31
1989-10-01,366.88,1989,10,October,1989-10,1.42,364.59
1989-11-01,394.26,1989,11,November,1989-11,7.46,374.3
1989-12-01,409.39,1989,12,December,1989-12,3.84,390.18
1990-01-01,410.11,1990,1,January,1990-01,0.18,404.59
1990-02-01,416.81,1990,2,February,1990-02,1.63,412.1
1990-03-01,393.06,1990,3,March,1990-03,-5.7,406.66
1990-04-01,374.24,1990,4,April,1990-04,-4.79,394.7
1990-05-01,369.05,1990,5,May,1990-05,-1.39,378.78
1990-06-01,352.33,1990,6,June,1990-06,-4.53,365.21
1990-07-01,362.53,1990,7,July,1990-07,2.9,361.3
1990-08-01,394.73,1990,8,August,1990-08,8.88,369.86
1990-09-01,389.32,1990,9,September,1990-09,-1.37,382.19
1990-10-01,380.74,1990,10,October,1990-10,-2.2,388.26
1990-11-01,381.73,1990,11,November,1990-11,0.26,383.93
1990-12-01,376.95,1990,12,December,1990-12,-1.25,379.81
1991-01-01,383.64,1991,1,January,1991-01,1.77,380.77
1991-02-01,363.83,1991,2,February,1991-02,-5.16,374.81
1991-03-01,363.34,1991,3,March,1991-03,-0.13,370.27
1991-04-01,358.38,1991,4,April,1991-04,-1.37,361.85
1991-05-01,356.95,1991,5,May,1991-05,-0.4,359.56
1991-06-01,366.72,1991,6,June,1991-06,2.74,360.68
1991-07-01,367.69,1991,7,July,1991-07,0.26,363.79
1991-08-01,356.31,1991,8,August,1991-08,-3.09,363.57
1991-09-01,348.74,1991,9,September,1991-09,-2.12,357.58
1991-10-01,358.69,1991,10,October,1991-10,2.85,354.58
1991-11-01,360.17,1991,11,November,1991-11,0.41,355.87
1991-12-01,361.73,1991,12,December,1991-12,0.43,360.2
1992-01-01,354.45,1992,1,January,1992-01,-2.01,358.78
1992-02-01,353.91,1992,2,February,1992-02,-0.15,356.7
1992-03-01,344.34,1992,3,March,1992-03,-2.7,350.9
1992-04-01,338.62,1992,4,April,1992-04,-1.66,345.62
1992-05-01,337.24,1992,5,May,1992-05,-0.41,340.07
1992-06-01,340.81,1992,6,June,1992-06,1.06,338.89
1992-07-01,352.72,1992,7,July,1992-07,3.49,343.59
1992-08-01,343.06,1992,8,August,1992-08,-2.74,345.53
1992-09-01,345.43,1992,9,September,1992-09,0.69,347.07
1992-10-01,344.38,1992,10,October,1992-10,-0.3,344.29
1992-11-01,335.02,1992,11,November,1992-11,-2.72,341.61
1992-12-01,334.82,1992,12,December,1992-12,-0.06,338.07
1993-01-01,329.01,1993,1,January,1993-01,-1.74,332.95
1993-02-01,329.31,1993,2,February,1993-02,0.09,331.05
1993-03-01,330.08,1993,3,March,1993-03,0.23,329.47
1993-04-01,342.15,1993,4,April,1993-04,3.66,333.85
1993-05-01,367.18,1993,5,May,1993-05,7.32,346.47
1993-06-01,371.89,1993,6,June,1993-06,1.28,360.41
1993-07-01,392.19,1993,7,July,1993-07,5.46,377.09
1993-08-01,378.84,1993,8,August,1993-08,-3.4,380.97
1993-09-01,355.28,1993,9,September,1993-09,-6.22,375.44
1993-10-01,364.18,1993,10,October,1993-10,2.51,366.1
1993-11-01,373.83,1993,11,November,1993-11,2.65,364.43
1993-12-01,383.3,1993,12,December,1993-12,2.53,373.77
1994-01-01,386.88,1994,1,January,1994-01,0.93,381.34
1994-02-01,381.91,1994,2,February,1994-02,-1.28,384.03
1994-03-01,384.13,1994,3,March,1994-03,0.58,384.31
1994-04-01,377.27,1994,4,April,1994-04,-1.79,381.1
1994-05-01,381.43,1994,5,May,1994-05,1.1,380.94
1994-06-01,385.64,1994,6,June,1994-06,1.1,381.45
1994-07-01,385.49,1994,7,July,1994-07,-0.04,384.19
1994-08-01,380.36,1994,8,August,1994-08,-1.33,383.83
1994-09-01,391.58,1994,9,September,1994-09,2.95,385.81
1994-10-01,389.77,1994,10,October,1994-10,-0.46,387.24
1994-11-01,384.39,1994,11,November,1994-11,-1.38,388.58
1994-12-01,379.29,1994,12,December,1994-12,-1.33,384.48
1995-01-01,378.55,1995,1,January,1995-01,-0.2,380.74
1995-02-01,376.64,1995,2,February,1995-02,-0.5,378.16
1995-03-01,382.12,1995,3,March,1995-03,1.45,379.1
1995-04-01,391.03,1995,4,April,1995-04,2.33,383.26
1995-05-01,385.22,1995,5,May,1995-05,-1.49,386.12
1995-06-01,387.56,1995,6,June,1995-06,0.61,387.94
1995-07-01,386.23,1995,7,July,1995-07,-0.34,386.34
1995-08-01,383.67,1995,8,August,1995-08,-0.66,385.82
1995-09-01,383.06,1995,9,September,1995-09,-0.16,384.32
1995-10-01,383.14,1995,10,October,1995-10,0.02,383.29
1995-11-01,385.31,1995,11,November,1995-11,0.57,383.84
1995-12-01,387.44,1995,12,December,1995-12,0.55,385.3
1996-01-01,399.45,1996,1,January,1996-01,3.1,390.73
1996-02-01,404.76,1996,2,February,1996-02,1.33,397.22
1996-03-01,396.21,1996,3,March,1996-03,-2.11,400.14
1996-04-01,392.85,1996,4,April,1996-04,-0.85,397.94
1996-05-01,391.93,1996,5,May,1996-05,-0.23,393.66
1996-06-01,385.27,1996,6,June,1996-06,-1.7,390.02
1996-07-01,383.47,1996,7,July,1996-07,-0.47,386.89
1996-08-01,387.35,1996,8,August,1996-08,1.01,385.36
1996-09-01,383.14,1996,9,September,1996-09,-1.09,384.65
1996-10-01,381.07,1996,10,October,1996-10,-0.54,383.85
1996-11-01,377.85,1996,11,November,1996-11,-0.84,380.69
1996-12-01,369.0,1996,12,December,1996-12,-2.34,375.97
1997-01-01,355.11,1997,1,January,1997-01,-3.76,367.32
1997-02-01,346.58,1997,2,February,1997-02,-2.4,356.9
1997-03-01,351.81,1997,3,March,1997-03,1.51,351.17
1997-04-01,344.47,1997,4,April,1997-04,-2.09,347.62
1997-05-01,343.84,1997,5,May,1997-05,-0.18,346.71
1997-06-01,340.76,1997,6,June,1997-06,-0.9,343.02
1997-07-01,324.1,1997,7,July,1997-07,-4.89,336.23
1997-08-01,324.01,1997,8,August,1997-08,-0.03,329.62
1997-09-01,322.82,1997,9,September,1997-09,-0.37,323.64
1997-10-01,324.87,1997,10,October,1997-10,0.64,323.9
1997-11-01,306.04,1997,11,November,1997-11,-5.8,317.91
1997-12-01,288.74,1997,12,December,1997-12,-5.65,306.55
1998-01-01,289.1,1998,1,January,1998-01,0.12,294.63
1998-02-01,297.49,1998,2,February,1998-02,2.9,291.78
1998-03-01,295.94,1998,3,March,1998-03,-0.52,294.18
1998-04-01,308.29,1998,4,April,1998-04,4.17,300.57
1998-05-01,299.1,1998,5,May,1998-05,-2.98,301.11
1998-06-01,292.32,1998,6,June,1998-06,-2.27,299.9
1998-07-01,292.87,1998,7,July,1998-07,0.19,294.76
1998-08-01,284.11,1998,8,August,1998-08,-2.99,289.77
1998-09-01,288.98,1998,9,September,1998-09,1.71,288.65
1998-10-01,295.93,1998,10,October,1998-10,2.41,289.67
1998-11-01,294.12,1998,11,November,1998-11,-0.61,293.01
1998-12-01,291.68,1998,12,December,1998-12,-0.83,293.91
1999-01-01,287.08,1999,1,January,1999-01,-1.58,290.96
1999-02-01,287.33,1999,2,February,1999-02,0.09,288.7
1999-03-01,285.96,1999,3,March,1999-03,-0.48,286.79
1999-04-01,282.62,1999,4,April,1999-04,-1.17,285.3
1999-05-01,276.44,1999,5,May,1999-05,-2.19,281.67
1999-06-01,261.31,1999,6,June,1999-06,-5.47,273.46
1999-07-01,256.08,1999,7,July,1999-07,-2.0,264.61
1999-08-01,256.69,1999,8,August,1999-08,0.24,258.03
1999-09-01,264.74,1999,9,September,1999-09,3.14,259.17
1999-10-01,310.72,1999,10,October,1999-10,17.37,277.38
1999-11-01,293.18,1999,11,November,1999-11,-5.64,289.55
1999-12-01,283.07,1999,12,December,1999-12,-3.45,295.66
2000-01-01,284.32,2000,1,January,2000-01,0.44,286.86
2000-02-01,299.86,2000,2,February,2000-02,5.47,289.08
2000-03-01,286.39,2000,3,March,2000-03,-4.49,290.19
2000-04-01,279.69,2000,4,April,2000-04,-2.34,288.65
2000-05-01,275.19,2000,5,May,2000-05,-1.61,280.42
2000-06-01,285.73,2000,6,June,2000-06,3.83,280.2
2000-07-01,281.59,2000,7,July,2000-07,-1.45,280.84
2000-08-01,274.47,2000,8,August,2000-08,-2.53,280.6
2000-09-01,273.68,2000,9,September,2000-09,-0.29,276.58
2000-10-01,270.0,2000,10,October,2000-10,-1.34,272.72
2000-11-01,266.01,2000,11,November,2000-11,-1.48,269.9
2000-12-01,271.45,2000,12,December,2000-12,2.05,269.15
2001-01-01,265.49,2001,1,January,2001-01,-2.2,267.65
2001-02-01,261.87,2001,2,February,2001-02,-1.36,266.27
2001-03-01,263.03,2001,3,March,2001-03,0.44,263.46
2001-04-01,260.48,2001,4,April,2001-04,-0.97,261.79
2001-05-01,272.36,2001,5,May,2001-05,4.56,265.29
2001-06-01,270.23,2001,6,June,2001-06,-0.78,267.69
2001-07-01,267.53,2001,7,July,2001-07,-1.0,270.04
2001-08-01,272.39,2001,8,August,2001-08,1.82,270.05
2001-09-01,283.42,2001,9,September,2001-09,4.05,274.45
2001-10-01,283.06,2001,10,October,2001-10,-0.13,279.62
2001-11-01,276.16,2001,11,November,2001-11,-2.44,280.88
2001-12-01,275.85,2001,12,December,2001-12,-0.11,278.36
2002-01-01,281.51,2002,1,January,2002-01,2.05,277.84
2002-02-01,295.5,2002,2,February,2002-02,4.97,284.29
2002-03-01,294.06,2002,3,March,2002-03,-0.49,290.36
2002-04-01,302.68,2002,4,April,2002-04,2.93,297.41
2002-05-01,314.49,2002,5,May,2002-05,3.9,303.74
2002-06-01,321.18,2002,6,June,2002-06,2.13,312.78
2002-07-01,313.29,2002,7,July,2002-07,-2.46,316.32
2002-08-01,310.26,2002,8,August,2002-08,-0.97,314.91
2002-09-01,319.14,2002,9,September,2002-09,2.86,314.23
2002-10-01,316.56,2002,10,October,2002-10,-0.81,315.32
2002-11-01,319.07,2002,11,November,2002-11,0.79,318.26
2002-12-01,331.92,2002,12,December,2002-12,4.03,322.52
2003-01-01,356.86,2003,1,January,2003-01,7.51,335.95
2003-02-01,358.97,2003,2,February,2003-02,0.59,349.25
2003-03-01,340.55,2003,3,March,2003-03,-5.13,352.13
2003-04-01,328.18,2003,4,April,2003-04,-3.63,342.57
2003-05-01,355.68,2003,5,May,2003-05,8.38,341.47
2003-06-01,356.35,2003,6,June,2003-06,0.19,346.74
2003-07-01,351.02,2003,7,July,2003-07,-1.5,354.35
2003-08-01,359.77,2003,8,August,2003-08,2.49,355.71
2003-09-01,378.94,2003,9,September,2003-09,5.33,363.24
2003-10-01,378.92,2003,10,October,2003-10,-0.01,372.54
2003-11-01,389.91,2003,11,November,2003-11,2.9,382.59
2003-12-01,406.95,2003,12,December,2003-12,4.37,391.93
2004-01-01,413.79,2004,1,January,2004-01,1.68,403.55
2004-02-01,404.88,2004,2,February,2004-02,-2.15,408.54
2004-03-01,406.67,2004,3,March,2004-03,0.44,408.44
2004-04-01,403.26,2004,4,April,2004-04,-0.84,404.94
2004-05-01,383.78,2004,5,May,2004-05,-4.83,397.9
2004-06-01,392.37,2004,6,June,2004-06,2.24,393.14
2004-07-01,398.09,2004,7,July,2004-07,1.46,391.41
2004-08-01,400.51,2004,8,August,2004-08,0.61,396.99
2004-09-01,405.28,2004,9,September,2004-09,1.19,401.29
2004-10-01,420.46,2004,10,October,2004-10,3.75,408.75
2004-11-01,439.38,2004,11,November,2004-11,4.5,421.7
2004-12-01,442.08,2004,12,December,2004-12,0.62,433.97
2005-01-01,424.03,2005,1,January,2005-01,-4.08,435.16
2005-02-01,423.35,2005,2,February,2005-02,-0.16,429.82
2005-03-01,433.85,2005,3,March,2005-03,2.48,427.08
2005-04-01,429.23,2005,4,April,2005-04,-1.06,428.81
2005-05-01,421.87,2005,5,May,2005-05,-1.71,428.32
2005-06-01,430.66,2005,6,June,2005-06,2.08,427.25
2005-07-01,424.48,2005,7,July,2005-07,-1.43,425.67
2005-08-01,437.93,2005,8,August,2005-08,3.17,431.02
2005-09-01,456.05,2005,9,September,2005-09,4.14,439.49
2005-10-01,469.9,2005,10,October,2005-10,3.04,454.63
2005-11-01,476.67,2005,11,November,2005-11,1.44,467.54
2005-12-01,510.1,2005,12,December,2005-12,7.01,485.55
2006-01-01,549.86,2006,1,January,2006-01,7.8,512.21
2006-02-01,555.0,2006,2,February,2006-02,0.93,538.32
2006-03-01,557.09,2006,3,March,2006-03,0.38,553.98
2006-04-01,610.65,2006,4,April,2006-04,9.61,574.25
2006-05-01,675.39,2006,5,May,2006-05,10.6,614.38
2006-06-01,596.14,2006,6,June,2006-06,-11.73,627.4
2006-07-01,633.71,2006,7,July,2006-07,6.3,635.08
2006-08-01,632.59,2006,8,August,2006-08,-0.18,620.82
2006-09-01,598.19,2006,9,September,2006-09,-5.44,621.5
2006-10-01,585.78,2006,10,October,2006-10,-2.07,605.52
2006-11-01,627.83,2006,11,November,2006-11,7.18,603.93
2006-12-01,629.79,2006,12,December,2006-12,0.31,614.47
2007-01-01,631.17,2007,1,January,2007-01,0.22,629.59
2007-02-01,664.74,2007,2,February,2007-02,5.32,641.9
2007-03-01,654.9,2007,3,March,2007-03,-1.48,650.27
2007-04-01,679.37,2007,4,April,2007-04,3.74,666.34
2007-05-01,667.31,2007,5,May,2007-05,-1.77,667.19
2007-06-01,655.66,2007,6,June,2007-06,-1.75,667.45
2007-07-01,665.38,2007,7,July,2007-07,1.48,662.78
2007-08-01,665.41,2007,8,August,2007-08,0.0,662.15
2007-09-01,712.65,2007,9,September,2007-09,7.1,681.15
2007-10-01,754.6,2007,10,October,2007-10,5.89,710.89
2007-11-01,806.25,2007,11,November,2007-11,6.84,757.84
2007-12-01,803.2,2007,12,December,2007-12,-0.38,788.02
2008-01-01,889.6,2008,1,January,2008-01,10.76,833.02
2008-02-01,922.3,2008,2,February,2008-02,3.68,871.7
2008-03-01,968.43,2008,3,March,2008-03,5.0,926.78
2008-04-01,909.7,2008,4,April,2008-04,-6.06,933.48
2008-05-01,888.66,2008,5,May,2008-05,-2.31,922.27
2008-06-01,889.49,2008,6,June,2008-06,0.09,895.95
2008-07-01,939.77,2008,7,July,2008-07,5.65,905.97
2008-08-01,839.02,2008,8,August,2008-08,-10.72,889.43
2008-09-01,829.93,2008,9,September,2008-09,-1.08,869.58
2008-10-01,806.62,2008,10,October,2008-10,-2.81,825.19
2008-11-01,760.86,2008,11,November,2008-11,-5.67,799.14
2008-12-01,816.09,2008,12,December,2008-12,7.26,794.53
2009-01-01,858.69,2009,1,January,2009-01,5.22,811.88
2009-02-01,943.0,2009,2,February,2009-02,9.82,872.59
2009-03-01,924.27,2009,3,March,2009-03,-1.99,908.65
2009-04-01,890.2,2009,4,April,2009-04,-3.69,919.16
2009-05-01,928.64,2009,5,May,2009-05,4.32,914.37
2009-06-01,945.67,2009,6,June,2009-06,1.83,921.51
2009-07-01,934.23,2009,7,July,2009-07,-1.21,936.18
2009-08-01,949.38,2009,8,August,2009-08,1.62,943.09
2009-09-01,996.59,2009,9,September,2009-09,4.97,960.06
2009-10-01,1043.16,2009,10,October,2009-10,4.67,996.38
2009-11-01,1127.04,2009,11,November,2009-11,8.04,1055.6
2009-12-01,1134.72,2009,12,December,2009-12,0.68,1101.64
2010-01-01,1117.96,2010,1,January,2010-01,-1.48,1126.57
2010-02-01,1095.41,2010,2,February,2010-02,-2.02,1116.03
2010-03-01,1113.34,2010,3,March,2010-03,1.64,1108.9
2010-04-01,1148.69,2010,4,April,2010-04,3.18,1119.15
2010-05-01,1205.43,2010,5,May,2010-05,4.94,1155.82
2010-06-01,1232.92,2010,6,June,2010-06,2.28,1195.68
2010-07-01,1192.97,2010,7,July,2010-07,-3.24,1210.44
2010-08-01,1215.81,2010,8,August,2010-08,1.91,1213.9
2010-09-01,1270.98,2010,9,September,2010-09,4.54,1226.58
2010-10-01,1342.02,2010,10,October,2010-10,5.59,1276.27
2010-11-01,1369.89,2010,11,November,2010-11,2.08,1327.63
2010-12-01,1390.55,2010,12,December,2010-12,1.51,1367.49
2011-01-01,1360.46,2011,1,January,2011-01,-2.16,1373.63
2011-02-01,1374.68,2011,2,February,2011-02,1.05,1375.23
2011-03-01,1423.26,2011,3,March,2011-03,3.53,1386.13
2011-04-01,1480.89,2011,4,April,2011-04,4.05,1426.28
2011-05-01,1512.58,2011,5,May,2011-05,2.14,1472.24
2011-06-01,1529.36,2011,6,June,2011-06,1.11,1507.61
2011-07-01,1572.75,2011,7,July,2011-07,2.84,1538.23
2011-08-01,1759.01,2011,8,August,2011-08,11.84,1620.37
2011-09-01,1772.14,2011,9,September,2011-09,0.75,1701.3
2011-10-01,1666.43,2011,10,October,2011-10,-5.97,1732.53
2011-11-01,1739.0,2011,11,November,2011-11,4.35,1725.86
2011-12-01,1639.97,2011,12,December,2011-12,-5.69,1681.8
2012-01-01,1654.05,2012,1,January,2012-01,0.86,1677.67
2012-02-01,1744.82,2012,2,February,2012-02,5.49,1679.61
2012-03-01,1675.95,2012,3,March,2012-03,-3.95,1691.61
2012-04-01,1649.2,2012,4,April,2012-04,-1.6,1689.99
2012-05-01,1589.04,2012,5,May,2012-05,-3.65,1638.06
2012-06-01,1598.76,2012,6,June,2012-06,0.61,1612.33
2012-07-01,1594.29,2012,7,July,2012-07,-0.28,1594.03
2012-08-01,1630.31,2012,8,August,2012-08,2.26,1607.79
2012-09-01,1744.81,2012,9,September,2012-09,7.02,1656.47
2012-10-01,1746.58,2012,10,October,2012-10,0.1,1707.23
2012-11-01,1721.64,2012,11,November,2012-11,-1.43,1737.68
2012-12-01,1684.76,2012,12,December,2012-12,-2.14,1717.66
2013-01-01,1671.85,2013,1,January,2013-01,-0.77,1692.75
2013-02-01,1627.57,2013,2,February,2013-02,-2.65,1661.39
2013-03-01,1593.09,2013,3,March,2013-03,-2.12,1630.83
2013-04-01,1487.86,2013,4,April,2013-04,-6.61,1569.5
2013-05-01,1414.03,2013,5,May,2013-05,-4.96,1498.32
2013-06-01,1343.35,2013,6,June,2013-06,-5.0,1415.08
2013-07-01,1285.52,2013,7,July,2013-07,-4.31,1347.63
2013-08-01,1351.74,2013,8,August,2013-08,5.15,1326.87
2013-09-01,1348.6,2013,9,September,2013-09,-0.23,1328.62
2013-10-01,1316.58,2013,10,October,2013-10,-2.37,1338.97
2013-11-01,1275.86,2013,11,November,2013-11,-3.09,1313.68
2013-12-01,1221.51,2013,12,December,2013-12,-4.26,1271.32
2014-01-01,1244.27,2014,1,January,2014-01,1.86,1247.21
2014-02-01,1299.58,2014,2,February,2014-02,4.45,1255.12
2014-03-01,1336.08,2014,3,March,2014-03,2.81,1293.31
2014-04-01,1298.45,2014,4,April,2014-04,-2.82,1311.37
2014-05-01,1288.74,2014,5,May,2014-05,-0.75,1307.76
2014-06-01,1279.1,2014,6,June,2014-06,-0.75,1288.76
2014-07-01,1310.59,2014,7,July,2014-07,2.46,1292.81
2014-08-01,1295.13,2014,8,August,2014-08,-1.18,1294.94
2014-09-01,1236.55,2014,9,September,2014-09,-4.52,1280.76
2014-10-01,1222.49,2014,10,October,2014-10,-1.14,1251.39
2014-11-01,1175.33,2014,11,November,2014-11,-3.86,1211.46
2014-12-01,1200.62,2014,12,December,2014-12,2.15,1199.48
2015-01-01,1250.75,2015,1,January,2015-01,4.18,1208.9
2015-02-01,1227.08,2015,2,February,2015-02,-1.89,1226.15
2015-03-01,1178.63,2015,3,March,2015-03,-3.95,1218.82
2015-04-01,1198.93,2015,4,April,2015-04,1.72,1201.55
2015-05-01,1198.63,2015,5,May,2015-05,-0.03,1192.06
2015-06-01,1181.5,2015,6,June,2015-06,-1.43,1193.02
2015-07-01,1128.31,2015,7,July,2015-07,-4.5,1169.48
2015-08-01,1117.93,2015,8,August,2015-08,-0.92,1142.58
2015-09-01,1124.77,2015,9,September,2015-09,0.61,1123.67
2015-10-01,1159.25,2015,10,October,2015-10,3.07,1133.98
2015-11-01,1086.44,2015,11,November,2015-11,-6.28,1123.49
2015-12-01,1075.74,2015,12,December,2015-12,-0.98,1107.14
2016-01-01,1097.91,2016,1,January,2016-01,2.06,1086.7
2016-02-01,1199.5,2016,2,February,2016-02,9.25,1124.38
2016-03-01,1245.14,2016,3,March,2016-03,3.8,1180.85
2016-04-01,1242.26,2016,4,April,2016-04,-0.23,1228.97
2016-05-01,1260.95,2016,5,May,2016-05,1.5,1249.45
2016-06-01,1276.4,2016,6,June,2016-06,1.23,1259.87
2016-07-01,1336.66,2016,7,July,2016-07,4.72,1291.34
2016-08-01,1340.17,2016,8,August,2016-08,0.26,1317.74
2016-09-01,1326.61,2016,9,September,2016-09,-1.01,1334.48
2016-10-01,1266.55,2016,10,October,2016-10,-4.53,1311.11
2016-11-01,1238.35,2016,11,November,2016-11,-2.23,1277.17
2016-12-01,1157.36,2016,12,December,2016-12,-6.54,1220.75
2017-01-01,1192.1,2017,1,January,2017-01,3.0,1195.94
2017-02-01,1234.2,2017,2,February,2017-02,3.53,1194.55
2017-03-01,1231.42,2017,3,March,2017-03,-0.23,1219.24
2017-04-01,1266.88,2017,4,April,2017-04,2.88,1244.17
2017-05-01,1246.04,2017,5,May,2017-05,-1.64,1248.11
2017-06-01,1260.26,2017,6,June,2017-06,1.14,1257.73
2017-07-01,1236.84,2017,7,July,2017-07,-1.86,1247.71
2017-08-01,1283.04,2017,8,August,2017-08,3.74,1260.05
2017-09-01,1314.07,2017,9,September,2017-09,2.42,1277.98
2017-10-01,1279.51,2017,10,October,2017-10,-2.63,1292.21
2017-11-01,1281.9,2017,11,November,2017-11,0.19,1291.83
2017-12-01,1264.45,2017,12,December,2017-12,-1.36,1275.29
2018-01-01,1331.3,2018,1,January,2018-01,5.29,1292.55
2018-02-01,1330.73,2018,2,February,2018-02,-0.04,1308.83
2018-03-01,1324.66,2018,3,March,2018-03,-0.46,1328.9
2018-04-01,1334.76,2018,4,April,2018-04,0.76,1330.05
2018-05-01,1303.45,2018,5,May,2018-05,-2.35,1320.96
2018-06-01,1281.57,2018,6,June,2018-06,-1.68,1306.59
2018-07-01,1237.71,2018,7,July,2018-07,-3.42,1274.24
2018-08-01,1201.71,2018,8,August,2018-08,-2.91,1240.33
2018-09-01,1198.39,2018,9,September,2018-09,-0.28,1212.6
2018-10-01,1215.39,2018,10,October,2018-10,1.42,1205.16
2018-11-01,1220.65,2018,11,November,2018-11,0.43,1211.48
2018-12-01,1250.4,2018,12,December,2018-12,2.44,1228.81
2019-01-01,1291.75,2019,1,January,2019-01,3.31,1254.27
2019-02-01,1320.07,2019,2,February,2019-02,2.19,1287.41
2019-03-01,1300.9,2019,3,March,2019-03,-1.45,1304.24
2019-04-01,1285.91,2019,4,April,2019-04,-1.15,1302.29
2019-05-01,1283.7,2019,5,May,2019-05,-0.17,1290.17
2019-06-01,1359.04,2019,6,June,2019-06,5.87,1309.55
2019-07-01,1412.89,2019,7,July,2019-07,3.96,1351.88
2019-08-01,1500.41,2019,8,August,2019-08,6.19,1424.11
2019-09-01,1510.58,2019,9,September,2019-09,0.68,1474.63
2019-10-01,1494.81,2019,10,October,2019-10,-1.04,1501.93
2019-11-01,1470.79,2019,11,November,2019-11,-1.61,1492.06
2019-12-01,1479.13,2019,12,December,2019-12,0.57,1481.58
2020-01-01,1560.67,2020,1,January,2020-01,5.51,1503.53
2020-02-01,1597.1,2020,2,February,2020-02,2.33,1545.63
2020-03-01,1591.93,2020,3,March,2020-03,-0.32,1583.23
2020-04-01,1683.17,2020,4,April,2020-04,5.73,1624.07
2020-05-01,1715.91,2020,5,May,2020-05,1.95,1663.67
2020-06-01,1732.22,2020,6,June,2020-06,0.95,1710.43
2020-07-01,1846.51,2020,7,July,2020-07,6.6,1764.88
2020-08-01,1968.63,2020,8,August,2020-08,6.61,1849.12
2020-09-01,1921.92,2020,9,September,2020-09,-2.37,1912.35
2020-10-01,1900.27,2020,10,October,2020-10,-1.13,1930.27
2020-11-01,1866.3,2020,11,November,2020-11,-1.79,1896.16
2020-12-01,1858.42,2020,12,December,2020-12,-0.42,1875.0
2021-01-01,1866.98,2021,1,January,2021-01,0.46,1863.9
2021-02-01,1808.17,2021,2,February,2021-02,-3.15,1844.52
2021-03-01,1718.23,2021,3,March,2021-03,-4.97,1797.79
2021-04-01,1760.04,2021,4,April,2021-04,2.43,1762.15
2021-05-01,1850.26,2021,5,May,2021-05,5.13,1776.18
2021-06-01,1834.57,2021,6,June,2021-06,-0.85,1814.96
2021-07-01,1807.84,2021,7,July,2021-07,-1.46,1830.89
2021-08-01,1785.28,2021,8,August,2021-08,-1.25,1809.23
2021-09-01,1775.14,2021,9,September,2021-09,-0.57,1789.42
2021-10-01,1776.85,2021,10,October,2021-10,0.1,1779.09
2021-11-01,1821.76,2021,11,November,2021-11,2.53,1791.25
2021-12-01,1790.43,2021,12,December,2021-12,-1.72,1796.35
2022-01-01,1816.02,2022,1,January,2022-01,1.43,1809.4
2022-02-01,1856.3,2022,2,February,2022-02,2.22,1820.92
2022-03-01,1947.83,2022,3,March,2022-03,4.93,1873.38
2022-04-01,1936.86,2022,4,April,2022-04,-0.56,1913.66
2022-05-01,1848.5,2022,5,May,2022-05,-4.56,1911.06
2022-06-01,1836.57,2022,6,June,2022-06,-0.65,1873.98
2022-07-01,1732.74,2022,7,July,2022-07,-5.65,1805.94
2022-08-01,1764.56,2022,8,August,2022-08,1.84,1777.96
2022-09-01,1680.78,2022,9,September,2022-09,-4.75,1726.03
2022-10-01,1664.45,2022,10,October,2022-10,-0.97,1703.26
2022-11-01,1725.07,2022,11,November,2022-11,3.64,1690.1
2022-12-01,1797.55,2022,12,December,2022-12,4.2,1729.02
2023-01-01,1897.71,2023,1,January,2023-01,5.57,1806.78
2023-02-01,1854.54,2023,2,February,2023-02,-2.27,1849.93
2023-03-01,1912.73,2023,3,March,2023-03,3.14,1888.33
2023-04-01,1999.77,2023,4,April,2023-04,4.55,1922.35
2023-05-01,1992.13,2023,5,May,2023-05,-0.38,1968.21
2023-06-01,1942.9,2023,6,June,2023-06,-2.47,1978.27
2023-07-01,1951.02,2023,7,July,2023-07,0.42,1962.02
2023-08-01,1918.7,2023,8,August,2023-08,-1.66,1937.54
2023-09-01,1915.95,2023,9,September,2023-09,-0.14,1928.56
2023-10-01,1916.25,2023,10,October,2023-10,0.02,1916.97
2023-11-01,1984.11,2023,11,November,2023-11,3.54,1938.77
2023-12-01,2026.18,2023,12,December,2023-12,2.12,1975.51
2024-01-01,2034.04,2024,1,January,2024-01,0.39,2014.78
2024-02-01,2023.24,2024,2,February,2024-02,-0.53,2027.82
2024-03-01,2158.01,2024,3,March,2024-03,6.66,2071.76
2024-04-01,2331.45,2024,4,April,2024-04,8.04,2170.9
2024-05-01,2351.13,2024,5,May,2024-05,0.84,2280.2
2024-06-01,2326.44,2024,6,June,2024-06,-1.05,2336.34
2024-07-01,2398.2,2024,7,July,2024-07,3.08,2358.59
2024-08-01,2470.15,2024,8,August,2024-08,3.0,2398.26
2024-09-01,2570.55,2024,9,September,2024-09,4.06,2479.63
2024-10-01,2690.08,2024,10,October,2024-10,4.65,2576.93
2024-11-01,2651.13,2024,11,November,2024-11,-1.45,2637.25
2024-12-01,2648.01,2024,12,December,2024-12,-0.12,2663.07
2025-01-01,2709.69,2025,1,January,2025-01,2.33,2669.61
2025-02-01,2894.73,2025,2,February,2025-02,6.83,2750.81
2025-03-01,2983.25,2025,3,March,2025-03,3.06,2862.56
2025-04-01,3217.64,2025,4,April,2025-04,7.86,3031.87
2025-05-01,3309.49,2025,5,May,2025-05,2.85,3170.13
2025-06-01,3352.66,2025,6,June,2025-06,1.3,3293.26
2025-07-01,3340.15,2025,7,July,2025-07,-0.37,3334.1
2025-08-01,3368.03,2025,8,August,2025-08,0.83,3353.61
2025-09-01,3667.68,2025,9,September,2025-09,8.9,3458.62
2025-10-01,4058.33,2025,10,October,2025-10,10.65,3698.01
2025-11-01,4087.19,2025,11,November,2025-11,0.71,3937.73
2025-12-01,4309.23,2025,12,December,2025-12,5.43,4151.58
2026-01-01,4752.75,2026,1,January,2026-01,10.29,4383.06
2026-02-01,5019.97,2026,2,February,2026-02,5.62,4693.98
2026-03-01,4855.54,2026,3,March,2026-03,-3.28,4876.09
2026-04-01,4721.42,2026,4,April,2026-04,-2.76,4865.64
