Date,Price,Year,Month,Month Name,Quarter,Year-Month,% Change
1960-01-01,1.63,1960,1,January,1,1960-01,0.0
1960-02-01,1.63,1960,2,February,1,1960-02,0.0
1960-03-01,1.63,1960,3,March,1,1960-03,0.0
1960-04-01,1.63,1960,4,April,2,1960-04,0.0
1960-05-01,1.63,1960,5,May,2,1960-05,0.0
1960-06-01,1.63,1960,6,June,2,1960-06,0.0
1960-07-01,1.63,1960,7,July,3,1960-07,0.0
1960-08-01,1.63,1960,8,August,3,1960-08,0.0
1960-09-01,1.63,1960,9,September,3,1960-09,0.0
1960-10-01,1.63,1960,10,October,4,1960-10,0.0
1960-11-01,1.63,1960,11,November,4,1960-11,0.0
1960-12-01,1.63,1960,12,December,4,1960-12,0.0
1961-01-01,1.57,1961,1,January,1,1961-01,-3.68
1961-02-01,1.57,1961,2,February,1,1961-02,0.0
1961-03-01,1.57,1961,3,March,1,1961-03,0.0
1961-04-01,1.57,1961,4,April,2,1961-04,0.0
1961-05-01,1.57,1961,5,May,2,1961-05,0.0
1961-06-01,1.57,1961,6,June,2,1961-06,0.0
1961-07-01,1.57,1961,7,July,3,1961-07,0.0
1961-08-01,1.57,1961,8,August,3,1961-08,0.0
1961-09-01,1.57,1961,9,September,3,1961-09,0.0
1961-10-01,1.57,1961,10,October,4,1961-10,0.0
1961-11-01,1.57,1961,11,November,4,1961-11,0.0
1961-12-01,1.57,1961,12,December,4,1961-12,0.0
1962-01-01,1.52,1962,1,January,1,1962-01,-3.18
1962-02-01,1.52,1962,2,February,1,1962-02,0.0
1962-03-01,1.52,1962,3,March,1,1962-03,0.0
1962-04-01,1.52,1962,4,April,2,1962-04,0.0
1962-05-01,1.52,1962,5,May,2,1962-05,0.0
1962-06-01,1.52,1962,6,June,2,1962-06,0.0
1962-07-01,1.52,1962,7,July,3,1962-07,0.0
1962-08-01,1.52,1962,8,August,3,1962-08,0.0
1962-09-01,1.52,1962,9,September,3,1962-09,0.0
1962-10-01,1.52,1962,10,October,4,1962-10,0.0
1962-11-01,1.52,1962,11,November,4,1962-11,0.0
1962-12-01,1.52,1962,12,December,4,1962-12,0.0
1963-01-01,1.5,1963,1,January,1,1963-01,-1.32
1963-02-01,1.5,1963,2,February,1,1963-02,0.0
1963-03-01,1.5,1963,3,March,1,1963-03,0.0
1963-04-01,1.5,1963,4,April,2,1963-04,0.0
1963-05-01,1.5,1963,5,May,2,1963-05,0.0
1963-06-01,1.5,1963,6,June,2,1963-06,0.0
1963-07-01,1.5,1963,7,July,3,1963-07,0.0
1963-08-01,1.5,1963,8,August,3,1963-08,0.0
1963-09-01,1.5,1963,9,September,3,1963-09,0.0
1963-10-01,1.5,1963,10,October,4,1963-10,0.0
1963-11-01,1.5,1963,11,November,4,1963-11,0.0
1963-12-01,1.5,1963,12,December,4,1963-12,0.0
1964-01-01,1.45,1964,1,January,1,1964-01,-3.33
1964-02-01,1.45,1964,2,February,1,1964-02,0.0
1964-03-01,1.45,1964,3,March,1,1964-03,0.0
1964-04-01,1.45,1964,4,April,2,1964-04,0.0
1964-05-01,1.45,1964,5,May,2,1964-05,0.0
1964-06-01,1.45,1964,6,June,2,1964-06,0.0
1964-07-01,1.45,1964,7,July,3,1964-07,0.0
1964-08-01,1.45,1964,8,August,3,1964-08,0.0
1964-09-01,1.45,1964,9,September,3,1964-09,0.0
1964-10-01,1.45,1964,10,October,4,1964-10,0.0
1964-11-01,1.45,1964,11,November,4,1964-11,0.0
1964-12-01,1.45,1964,12,December,4,1964-12,0.0
1965-01-01,1.42,1965,1,January,1,1965-01,-2.07
1965-02-01,1.42,1965,2,February,1,1965-02,0.0
1965-03-01,1.42,1965,3,March,1,1965-03,0.0
1965-04-01,1.42,1965,4,April,2,1965-04,0.0
1965-05-01,1.42,1965,5,May,2,1965-05,0.0
1965-06-01,1.42,1965,6,June,2,1965-06,0.0
1965-07-01,1.42,1965,7,July,3,1965-07,0.0
1965-08-01,1.42,1965,8,August,3,1965-08,0.0
1965-09-01,1.42,1965,9,September,3,1965-09,0.0
1965-10-01,1.42,1965,10,October,4,1965-10,0.0
1965-11-01,1.42,1965,11,November,4,1965-11,0.0
1965-12-01,1.42,1965,12,December,4,1965-12,0.0
1966-01-01,1.36,1966,1,January,1,1966-01,-4.23
1966-02-01,1.36,1966,2,February,1,1966-02,0.0
1966-03-01,1.36,1966,3,March,1,1966-03,0.0
1966-04-01,1.36,1966,4,April,2,1966-04,0.0
1966-05-01,1.36,1966,5,May,2,1966-05,0.0
1966-06-01,1.36,1966,6,June,2,1966-06,0.0
1966-07-01,1.36,1966,7,July,3,1966-07,0.0
1966-08-01,1.36,1966,8,August,3,1966-08,0.0
1966-09-01,1.36,1966,9,September,3,1966-09,0.0
1966-10-01,1.36,1966,10,October,4,1966-10,0.0
1966-11-01,1.36,1966,11,November,4,1966-11,0.0
1966-12-01,1.36,1966,12,December,4,1966-12,0.0
1967-01-01,1.33,1967,1,January,1,1967-01,-2.21
1967-02-01,1.33,1967,2,February,1,1967-02,0.0
1967-03-01,1.33,1967,3,March,1,1967-03,0.0
1967-04-01,1.33,1967,4,April,2,1967-04,0.0
1967-05-01,1.33,1967,5,May,2,1967-05,0.0
1967-06-01,1.33,1967,6,June,2,1967-06,0.0
1967-07-01,1.33,1967,7,July,3,1967-07,0.0
1967-08-01,1.33,1967,8,August,3,1967-08,0.0
1967-09-01,1.33,1967,9,September,3,1967-09,0.0
1967-10-01,1.33,1967,10,October,4,1967-10,0.0
1967-11-01,1.33,1967,11,November,4,1967-11,0.0
1967-12-01,1.33,1967,12,December,4,1967-12,0.0
1968-01-01,1.32,1968,1,January,1,1968-01,-0.75
1968-02-01,1.32,1968,2,February,1,1968-02,0.0
1968-03-01,1.32,1968,3,March,1,1968-03,0.0
1968-04-01,1.32,1968,4,April,2,1968-04,0.0
1968-05-01,1.32,1968,5,May,2,1968-05,0.0
1968-06-01,1.32,1968,6,June,2,1968-06,0.0
1968-07-01,1.32,1968,7,July,3,1968-07,0.0
1968-08-01,1.32,1968,8,August,3,1968-08,0.0
1968-09-01,1.32,1968,9,September,3,1968-09,0.0
1968-10-01,1.32,1968,10,October,4,1968-10,0.0
1968-11-01,1.32,1968,11,November,4,1968-11,0.0
1968-12-01,1.32,1968,12,December,4,1968-12,0.0
1969-01-01,1.27,1969,1,January,1,1969-01,-3.79
1969-02-01,1.27,1969,2,February,1,1969-02,0.0
1969-03-01,1.27,1969,3,March,1,1969-03,0.0
1969-04-01,1.27,1969,4,April,2,1969-04,0.0
1969-05-01,1.27,1969,5,May,2,1969-05,0.0
1969-06-01,1.27,1969,6,June,2,1969-06,0.0
1969-07-01,1.27,1969,7,July,3,1969-07,0.0
1969-08-01,1.27,1969,8,August,3,1969-08,0.0
1969-09-01,1.27,1969,9,September,3,1969-09,0.0
1969-10-01,1.27,1969,10,October,4,1969-10,0.0
1969-11-01,1.27,1969,11,November,4,1969-11,0.0
1969-12-01,1.27,1969,12,December,4,1969-12,0.0
1970-01-01,1.21,1970,1,January,1,1970-01,-4.72
1970-02-01,1.21,1970,2,February,1,1970-02,0.0
1970-03-01,1.21,1970,3,March,1,1970-03,0.0
1970-04-01,1.21,1970,4,April,2,1970-04,0.0
1970-05-01,1.21,1970,5,May,2,1970-05,0.0
1970-06-01,1.21,1970,6,June,2,1970-06,0.0
1970-07-01,1.21,1970,7,July,3,1970-07,0.0
1970-08-01,1.21,1970,8,August,3,1970-08,0.0
1970-09-01,1.21,1970,9,September,3,1970-09,0.0
1970-10-01,1.21,1970,10,October,4,1970-10,0.0
1970-11-01,1.21,1970,11,November,4,1970-11,0.0
1970-12-01,1.21,1970,12,December,4,1970-12,0.0
1971-01-01,1.64,1971,1,January,1,1971-01,35.54
1971-02-01,1.64,1971,2,February,1,1971-02,0.0
1971-03-01,1.64,1971,3,March,1,1971-03,0.0
1971-04-01,1.64,1971,4,April,2,1971-04,0.0
1971-05-01,1.64,1971,5,May,2,1971-05,0.0
1971-06-01,1.64,1971,6,June,2,1971-06,0.0
1971-07-01,1.74,1971,7,July,3,1971-07,6.1
1971-08-01,1.74,1971,8,August,3,1971-08,0.0
1971-09-01,1.74,1971,9,September,3,1971-09,0.0
1971-10-01,1.74,1971,10,October,4,1971-10,0.0
1971-11-01,1.74,1971,11,November,4,1971-11,0.0
1971-12-01,1.74,1971,12,December,4,1971-12,0.0
1972-01-01,1.77,1972,1,January,1,1972-01,1.72
1972-02-01,1.77,1972,2,February,1,1972-02,0.0
1972-03-01,1.77,1972,3,March,1,1972-03,0.0
1972-04-01,1.77,1972,4,April,2,1972-04,0.0
1972-05-01,1.77,1972,5,May,2,1972-05,0.0
1972-06-01,1.77,1972,6,June,2,1972-06,0.0
1972-07-01,1.87,1972,7,July,3,1972-07,5.65
1972-08-01,1.87,1972,8,August,3,1972-08,0.0
1972-09-01,1.87,1972,9,September,3,1972-09,0.0
1972-10-01,1.87,1972,10,October,4,1972-10,0.0
1972-11-01,1.87,1972,11,November,4,1972-11,0.0
1972-12-01,1.87,1972,12,December,4,1972-12,0.0
1973-01-01,2.08,1973,1,January,1,1973-01,11.23
1973-02-01,2.08,1973,2,February,1,1973-02,0.0
1973-03-01,2.08,1973,3,March,1,1973-03,0.0
1973-04-01,2.35,1973,4,April,2,1973-04,12.98
1973-05-01,2.35,1973,5,May,2,1973-05,0.0
1973-06-01,2.35,1973,6,June,2,1973-06,0.0
1973-07-01,2.7,1973,7,July,3,1973-07,14.89
1973-08-01,2.7,1973,8,August,3,1973-08,0.0
1973-09-01,2.7,1973,9,September,3,1973-09,0.0
1973-10-01,4.1,1973,10,October,4,1973-10,51.85
1973-11-01,4.1,1973,11,November,4,1973-11,0.0
1973-12-01,4.1,1973,12,December,4,1973-12,0.0
1974-01-01,13.0,1974,1,January,1,1974-01,217.07
1974-02-01,13.0,1974,2,February,1,1974-02,0.0
1974-03-01,13.0,1974,3,March,1,1974-03,0.0
1974-04-01,10.6,1974,4,April,2,1974-04,-18.46
1974-05-01,10.6,1974,5,May,2,1974-05,0.0
1974-06-01,10.6,1974,6,June,2,1974-06,0.0
1974-07-01,10.0,1974,7,July,3,1974-07,-5.66
1974-08-01,10.0,1974,8,August,3,1974-08,0.0
1974-09-01,10.0,1974,9,September,3,1974-09,0.0
1974-10-01,10.3,1974,10,October,4,1974-10,3.0
1974-11-01,10.3,1974,11,November,4,1974-11,0.0
1974-12-01,10.3,1974,12,December,4,1974-12,0.0
1975-01-01,10.42,1975,1,January,1,1975-01,1.17
1975-02-01,10.42,1975,2,February,1,1975-02,0.0
1975-03-01,10.42,1975,3,March,1,1975-03,0.0
1975-04-01,10.42,1975,4,April,2,1975-04,0.0
1975-05-01,10.42,1975,5,May,2,1975-05,0.0
1975-06-01,10.42,1975,6,June,2,1975-06,0.0
1975-07-01,10.43,1975,7,July,3,1975-07,0.1
1975-08-01,10.43,1975,8,August,3,1975-08,0.0
1975-09-01,10.43,1975,9,September,3,1975-09,0.0
1975-10-01,10.46,1975,10,October,4,1975-10,0.29
1975-11-01,10.46,1975,11,November,4,1975-11,0.0
1975-12-01,10.46,1975,12,December,4,1975-12,0.0
1976-01-01,11.51,1976,1,January,1,1976-01,10.04
1976-02-01,11.51,1976,2,February,1,1976-02,0.0
1976-03-01,11.51,1976,3,March,1,1976-03,0.0
1976-04-01,11.51,1976,4,April,2,1976-04,0.0
1976-05-01,11.51,1976,5,May,2,1976-05,0.0
1976-06-01,11.51,1976,6,June,2,1976-06,0.0
1976-07-01,11.6,1976,7,July,3,1976-07,0.78
1976-08-01,11.6,1976,8,August,3,1976-08,0.0
1976-09-01,11.6,1976,9,September,3,1976-09,0.0
1976-10-01,11.9,1976,10,October,4,1976-10,2.59
1976-11-01,11.9,1976,11,November,4,1976-11,0.0
1976-12-01,11.9,1976,12,December,4,1976-12,0.0
1977-01-01,12.5,1977,1,January,1,1977-01,5.04
1977-02-01,12.5,1977,2,February,1,1977-02,0.0
1977-03-01,12.5,1977,3,March,1,1977-03,0.0
1977-04-01,12.45,1977,4,April,2,1977-04,-0.4
1977-05-01,12.45,1977,5,May,2,1977-05,0.0
1977-06-01,12.45,1977,6,June,2,1977-06,0.0
1977-07-01,12.63,1977,7,July,3,1977-07,1.45
1977-08-01,12.63,1977,8,August,3,1977-08,0.0
1977-09-01,12.63,1977,9,September,3,1977-09,0.0
1977-10-01,12.68,1977,10,October,4,1977-10,0.4
1977-11-01,12.68,1977,11,November,4,1977-11,0.0
1977-12-01,12.68,1977,12,December,4,1977-12,0.0
1978-01-01,12.66,1978,1,January,1,1978-01,-0.16
1978-02-01,12.66,1978,2,February,1,1978-02,0.0
1978-03-01,12.66,1978,3,March,1,1978-03,0.0
1978-04-01,12.68,1978,4,April,2,1978-04,0.16
1978-05-01,12.7,1978,5,May,2,1978-05,0.16
1978-06-01,12.73,1978,6,June,2,1978-06,0.24
1978-07-01,12.77,1978,7,July,3,1978-07,0.31
1978-08-01,12.79,1978,8,August,3,1978-08,0.16
1978-09-01,12.8,1978,9,September,3,1978-09,0.08
1978-10-01,12.85,1978,10,October,4,1978-10,0.39
1978-11-01,13.2,1978,11,November,4,1978-11,2.72
1978-12-01,14.5,1978,12,December,4,1978-12,9.85
1979-01-01,18.95,1979,1,January,1,1979-01,30.69
1979-02-01,22.0,1979,2,February,1,1979-02,16.09
1979-03-01,23.25,1979,3,March,1,1979-03,5.68
1979-04-01,23.65,1979,4,April,2,1979-04,1.72
1979-05-01,32.75,1979,5,May,2,1979-05,38.48
1979-06-01,36.5,1979,6,June,2,1979-06,11.45
1979-07-01,35.0,1979,7,July,3,1979-07,-4.11
1979-08-01,35.75,1979,8,August,3,1979-08,2.14
1979-09-01,36.5,1979,9,September,3,1979-09,2.1
1979-10-01,38.5,1979,10,October,4,1979-10,5.48
1979-11-01,42.0,1979,11,November,4,1979-11,9.09
1979-12-01,40.5,1979,12,December,4,1979-12,-3.57
1980-01-01,40.0,1980,1,January,1,1980-01,-1.23
1980-02-01,38.5,1980,2,February,1,1980-02,-3.75
1980-03-01,38.25,1980,3,March,1,1980-03,-0.65
1980-04-01,38.15,1980,4,April,2,1980-04,-0.26
1980-05-01,38.5,1980,5,May,2,1980-05,0.92
1980-06-01,38.0,1980,6,June,2,1980-06,-1.3
1980-07-01,37.4,1980,7,July,3,1980-07,-1.58
1980-08-01,33.6,1980,8,August,3,1980-08,-10.16
1980-09-01,33.4,1980,9,September,3,1980-09,-0.6
1980-10-01,37.9,1980,10,October,4,1980-10,13.47
1980-11-01,40.85,1980,11,November,4,1980-11,7.78
1980-12-01,40.15,1980,12,December,4,1980-12,-1.71
1981-01-01,40.3,1981,1,January,1,1981-01,0.37
1981-02-01,38.7,1981,2,February,1,1981-02,-3.97
1981-03-01,38.35,1981,3,March,1,1981-03,-0.9
1981-04-01,37.19,1981,4,April,2,1981-04,-3.02
1981-05-01,35.19,1981,5,May,2,1981-05,-5.38
1981-06-01,33.25,1981,6,June,2,1981-06,-5.51
1981-07-01,35.06,1981,7,July,3,1981-07,5.44
1981-08-01,35.8,1981,8,August,3,1981-08,2.11
1981-09-01,35.91,1981,9,September,3,1981-09,0.31
1981-10-01,36.54,1981,10,October,4,1981-10,1.75
1981-11-01,37.12,1981,11,November,4,1981-11,1.59
1981-12-01,36.7,1981,12,December,4,1981-12,-1.13
1982-01-01,35.85,1982,1,January,1,1982-01,-2.32
1982-02-01,31.62,1982,2,February,1,1982-02,-11.8
1982-03-01,29.3,1982,3,March,1,1982-03,-7.34
1982-04-01,33.12,1982,4,April,2,1982-04,13.04
1982-05-01,35.18,1982,5,May,2,1982-05,6.22
1982-06-01,34.6,1982,6,June,2,1982-06,-1.65
1982-07-01,33.7,1982,7,July,3,1982-07,-2.6
1982-08-01,32.85,1982,8,August,3,1982-08,-2.52
1982-09-01,34.25,1982,9,September,3,1982-09,4.26
1982-10-01,35.0,1982,10,October,4,1982-10,2.19
1982-11-01,33.8,1982,11,November,4,1982-11,-3.43
1982-12-01,31.75,1982,12,December,4,1982-12,-6.07
1983-01-01,30.85,1983,1,January,1,1983-01,-2.83
1983-02-01,29.1,1983,2,February,1,1983-02,-5.67
1983-03-01,28.2,1983,3,March,1,1983-03,-3.09
1983-04-01,29.75,1983,4,April,2,1983-04,5.5
1983-05-01,29.6,1983,5,May,2,1983-05,-0.5
1983-06-01,30.2,1983,6,June,2,1983-06,2.03
1983-07-01,30.8,1983,7,July,3,1983-07,1.99
1983-08-01,31.1,1983,8,August,3,1983-08,0.97
1983-09-01,30.35,1983,9,September,3,1983-09,-2.41
1983-10-01,29.85,1983,10,October,4,1983-10,-1.65
1983-11-01,29.2,1983,11,November,4,1983-11,-2.18
1983-12-01,28.95,1983,12,December,4,1983-12,-0.86
1984-01-01,29.56,1984,1,January,1,1984-01,2.11
1984-02-01,29.88,1984,2,February,1,1984-02,1.08
1984-03-01,30.08,1984,3,March,1,1984-03,0.67
1984-04-01,30.13,1984,4,April,2,1984-04,0.17
1984-05-01,29.9,1984,5,May,2,1984-05,-0.76
1984-06-01,29.2,1984,6,June,2,1984-06,-2.34
1984-07-01,27.91,1984,7,July,3,1984-07,-4.42
1984-08-01,28.11,1984,8,August,3,1984-08,0.72
1984-09-01,28.36,1984,9,September,3,1984-09,0.89
1984-10-01,27.81,1984,10,October,4,1984-10,-1.94
1984-11-01,27.7,1984,11,November,4,1984-11,-0.4
1984-12-01,26.98,1984,12,December,4,1984-12,-2.6
1985-01-01,26.95,1985,1,January,1,1985-01,-0.11
1985-02-01,28.2,1985,2,February,1,1985-02,4.64
1985-03-01,28.1,1985,3,March,1,1985-03,-0.35
1985-04-01,27.9,1985,4,April,2,1985-04,-0.71
1985-05-01,26.65,1985,5,May,2,1985-05,-4.48
1985-06-01,26.45,1985,6,June,2,1985-06,-0.75
1985-07-01,26.6,1985,7,July,3,1985-07,0.57
1985-08-01,27.15,1985,8,August,3,1985-08,2.07
1985-09-01,27.15,1985,9,September,3,1985-09,0.0
1985-10-01,27.9,1985,10,October,4,1985-10,2.76
1985-11-01,29.05,1985,11,November,4,1985-11,4.12
1985-12-01,25.85,1985,12,December,4,1985-12,-11.02
1986-01-01,25.75,1986,1,January,1,1986-01,-0.39
1986-02-01,17.55,1986,2,February,1,1986-02,-31.84
1986-03-01,13.85,1986,3,March,1,1986-03,-21.08
1986-04-01,12.5,1986,4,April,2,1986-04,-9.75
1986-05-01,14.2,1986,5,May,2,1986-05,13.6
1986-06-01,11.85,1986,6,June,2,1986-06,-16.55
1986-07-01,9.45,1986,7,July,3,1986-07,-20.25
1986-08-01,13.65,1986,8,August,3,1986-08,44.44
1986-09-01,14.2,1986,9,September,3,1986-09,4.03
1986-10-01,13.8,1986,10,October,4,1986-10,-2.82
1986-11-01,14.55,1986,11,November,4,1986-11,5.43
1986-12-01,15.9,1986,12,December,4,1986-12,9.28
1987-01-01,18.4,1987,1,January,1,1987-01,15.72
1987-02-01,17.3,1987,2,February,1,1987-02,-5.98
1987-03-01,17.9,1987,3,March,1,1987-03,3.47
1987-04-01,18.1,1987,4,April,2,1987-04,1.12
1987-05-01,18.75,1987,5,May,2,1987-05,3.59
1987-06-01,18.85,1987,6,June,2,1987-06,0.53
1987-07-01,19.8,1987,7,July,3,1987-07,5.04
1987-08-01,18.95,1987,8,August,3,1987-08,-4.29
1987-09-01,18.35,1987,9,September,3,1987-09,-3.17
1987-10-01,18.8,1987,10,October,4,1987-10,2.45
1987-11-01,17.8,1987,11,November,4,1987-11,-5.32
1987-12-01,17.1,1987,12,December,4,1987-12,-3.93
1988-01-01,16.85,1988,1,January,1,1988-01,-1.46
1988-02-01,15.75,1988,2,February,1,1988-02,-6.53
1988-03-01,14.75,1988,3,March,1,1988-03,-6.35
1988-04-01,16.6,1988,4,April,2,1988-04,12.54
1988-05-01,16.4,1988,5,May,2,1988-05,-1.2
1988-06-01,15.55,1988,6,June,2,1988-06,-5.18
1988-07-01,14.9,1988,7,July,3,1988-07,-4.18
1988-08-01,14.95,1988,8,August,3,1988-08,0.34
1988-09-01,13.3,1988,9,September,3,1988-09,-11.04
1988-10-01,12.45,1988,10,October,4,1988-10,-6.39
1988-11-01,13.0,1988,11,November,4,1988-11,4.42
1988-12-01,15.15,1988,12,December,4,1988-12,16.54
1989-01-01,17.0,1989,1,January,1,1989-01,12.21
1989-02-01,16.65,1989,2,February,1,1989-02,-2.06
1989-03-01,18.7,1989,3,March,1,1989-03,12.31
1989-04-01,19.75,1989,4,April,2,1989-04,5.61
1989-05-01,18.35,1989,5,May,2,1989-05,-7.09
1989-06-01,17.5,1989,6,June,2,1989-06,-4.63
1989-07-01,17.75,1989,7,July,3,1989-07,1.43
1989-08-01,17.1,1989,8,August,3,1989-08,-3.66
1989-09-01,17.8,1989,9,September,3,1989-09,4.09
1989-10-01,19.0,1989,10,October,4,1989-10,6.74
1989-11-01,19.15,1989,11,November,4,1989-11,0.79
1989-12-01,19.85,1989,12,December,4,1989-12,3.66
1990-01-01,20.95,1990,1,January,1,1990-01,5.54
1990-02-01,19.9,1990,2,February,1,1990-02,-5.01
1990-03-01,18.45,1990,3,March,1,1990-03,-7.29
1990-04-01,16.75,1990,4,April,2,1990-04,-9.21
1990-05-01,16.7,1990,5,May,2,1990-05,-0.3
1990-06-01,15.7,1990,6,June,2,1990-06,-5.99
1990-07-01,17.55,1990,7,July,3,1990-07,11.78
1990-08-01,27.05,1990,8,August,3,1990-08,54.13
1990-09-01,34.1,1990,9,September,3,1990-09,26.06
1990-10-01,36.05,1990,10,October,4,1990-10,5.72
1990-11-01,33.0,1990,11,November,4,1990-11,-8.46
1990-12-01,28.0,1990,12,December,4,1990-12,-15.15
1991-01-01,23.65,1991,1,January,1,1991-01,-15.54
1991-02-01,19.4,1991,2,February,1,1991-02,-17.97
1991-03-01,19.45,1991,3,March,1,1991-03,0.26
1991-04-01,19.25,1991,4,April,2,1991-04,-1.03
1991-05-01,19.3,1991,5,May,2,1991-05,0.26
1991-06-01,18.2,1991,6,June,2,1991-06,-5.7
1991-07-01,19.45,1991,7,July,3,1991-07,6.87
1991-08-01,19.75,1991,8,August,3,1991-08,1.54
1991-09-01,20.5,1991,9,September,3,1991-09,3.8
1991-10-01,22.2,1991,10,October,4,1991-10,8.29
1991-11-01,21.25,1991,11,November,4,1991-11,-4.28
1991-12-01,18.4,1991,12,December,4,1991-12,-13.41
1992-01-01,18.15,1992,1,January,1,1992-01,-1.36
1992-02-01,18.1,1992,2,February,1,1992-02,-0.28
1992-03-01,17.6,1992,3,March,1,1992-03,-2.76
1992-04-01,18.95,1992,4,April,2,1992-04,7.67
1992-05-01,19.9,1992,5,May,2,1992-05,5.01
1992-06-01,21.15,1992,6,June,2,1992-06,6.28
1992-07-01,20.25,1992,7,July,3,1992-07,-4.26
1992-08-01,19.75,1992,8,August,3,1992-08,-2.47
1992-09-01,20.25,1992,9,September,3,1992-09,2.53
1992-10-01,20.3,1992,10,October,4,1992-10,0.25
1992-11-01,19.2,1992,11,November,4,1992-11,-5.42
1992-12-01,18.15,1992,12,December,4,1992-12,-5.47
1993-01-01,17.4,1993,1,January,1,1993-01,-4.13
1993-02-01,18.45,1993,2,February,1,1993-02,6.03
1993-03-01,18.75,1993,3,March,1,1993-03,1.63
1993-04-01,18.65,1993,4,April,2,1993-04,-0.53
1993-05-01,18.5,1993,5,May,2,1993-05,-0.8
1993-06-01,17.65,1993,6,June,2,1993-06,-4.59
1993-07-01,16.8,1993,7,July,3,1993-07,-4.82
1993-08-01,16.7,1993,8,August,3,1993-08,-0.6
1993-09-01,16.0,1993,9,September,3,1993-09,-4.19
1993-10-01,16.6,1993,10,October,4,1993-10,3.75
1993-11-01,15.15,1993,11,November,4,1993-11,-8.73
1993-12-01,13.6,1993,12,December,4,1993-12,-10.23
1994-01-01,14.25,1994,1,January,1,1994-01,4.78
1994-02-01,13.8,1994,2,February,1,1994-02,-3.16
1994-03-01,13.95,1994,3,March,1,1994-03,1.09
1994-04-01,15.15,1994,4,April,2,1994-04,8.6
1994-05-01,16.2,1994,5,May,2,1994-05,6.93
1994-06-01,16.75,1994,6,June,2,1994-06,3.4
1994-07-01,17.6,1994,7,July,3,1994-07,5.07
1994-08-01,16.8,1994,8,August,3,1994-08,-4.55
1994-09-01,15.9,1994,9,September,3,1994-09,-5.36
1994-10-01,16.4,1994,10,October,4,1994-10,3.14
1994-11-01,17.2,1994,11,November,4,1994-11,4.88
1994-12-01,15.96,1994,12,December,4,1994-12,-7.21
1995-01-01,16.63,1995,1,January,1,1995-01,4.2
1995-02-01,17.08,1995,2,February,1,1995-02,2.71
1995-03-01,17.01,1995,3,March,1,1995-03,-0.41
1995-04-01,18.67,1995,4,April,2,1995-04,9.76
1995-05-01,18.38,1995,5,May,2,1995-05,-1.55
1995-06-01,17.35,1995,6,June,2,1995-06,-5.6
1995-07-01,15.86,1995,7,July,3,1995-07,-8.59
1995-08-01,16.07,1995,8,August,3,1995-08,1.32
1995-09-01,16.78,1995,9,September,3,1995-09,4.42
1995-10-01,16.12,1995,10,October,4,1995-10,-3.93
1995-11-01,16.88,1995,11,November,4,1995-11,4.71
1995-12-01,17.96,1995,12,December,4,1995-12,6.4
1996-01-01,17.94,1996,1,January,1,1996-01,-0.11
1996-02-01,17.97,1996,2,February,1,1996-02,0.17
1996-03-01,19.99,1996,3,March,1,1996-03,11.24
1996-04-01,21.01,1996,4,April,2,1996-04,5.1
1996-05-01,19.12,1996,5,May,2,1996-05,-9.0
1996-06-01,18.27,1996,6,June,2,1996-06,-4.45
1996-07-01,19.61,1996,7,July,3,1996-07,7.33
1996-08-01,20.58,1996,8,August,3,1996-08,4.95
1996-09-01,22.59,1996,9,September,3,1996-09,9.77
1996-10-01,24.18,1996,10,October,4,1996-10,7.04
1996-11-01,22.64,1996,11,November,4,1996-11,-6.37
1996-12-01,23.9,1996,12,December,4,1996-12,5.57
1997-01-01,23.47,1997,1,January,1,1997-01,-1.8
1997-02-01,20.83,1997,2,February,1,1997-02,-11.25
1997-03-01,19.21,1997,3,March,1,1997-03,-7.78
1997-04-01,17.47,1997,4,April,2,1997-04,-9.06
1997-05-01,19.14,1997,5,May,2,1997-05,9.57
1997-06-01,17.55,1997,6,June,2,1997-06,-8.32
1997-07-01,18.4,1997,7,July,3,1997-07,4.84
1997-08-01,18.71,1997,8,August,3,1997-08,1.68
1997-09-01,18.45,1997,9,September,3,1997-09,-1.39
1997-10-01,19.85,1997,10,October,4,1997-10,7.59
1997-11-01,19.0,1997,11,November,4,1997-11,-4.28
1997-12-01,17.0,1997,12,December,4,1997-12,-10.53
1998-01-01,15.09,1998,1,January,1,1998-01,-11.24
1998-02-01,14.06,1998,2,February,1,1998-02,-6.83
1998-03-01,13.08,1998,3,March,1,1998-03,-6.97
1998-04-01,13.39,1998,4,April,2,1998-04,2.37
1998-05-01,14.39,1998,5,May,2,1998-05,7.47
1998-06-01,12.06,1998,6,June,2,1998-06,-16.21
1998-07-01,12.01,1998,7,July,3,1998-07,-0.4
1998-08-01,11.88,1998,8,August,3,1998-08,-1.08
1998-09-01,13.36,1998,9,September,3,1998-09,12.45
1998-10-01,12.56,1998,10,October,4,1998-10,-5.99
1998-11-01,10.92,1998,11,November,4,1998-11,-13.06
1998-12-01,9.8,1998,12,December,4,1998-12,-10.26
1999-01-01,11.06,1999,1,January,1,1999-01,12.86
1999-02-01,10.2,1999,2,February,1,1999-02,-7.78
1999-03-01,12.47,1999,3,March,1,1999-03,22.25
1999-04-01,15.3,1999,4,April,2,1999-04,22.69
1999-05-01,15.14,1999,5,May,2,1999-05,-1.05
1999-06-01,15.77,1999,6,June,2,1999-06,4.16
1999-07-01,19.01,1999,7,July,3,1999-07,20.55
1999-08-01,20.22,1999,8,August,3,1999-08,6.37
1999-09-01,22.4,1999,9,September,3,1999-09,10.78
1999-10-01,21.95,1999,10,October,4,1999-10,-2.01
1999-11-01,24.59,1999,11,November,4,1999-11,12.03
1999-12-01,25.59,1999,12,December,4,1999-12,4.07
2000-01-01,25.38,2000,1,January,1,2000-01,-0.82
2000-02-01,27.7,2000,2,February,1,2000-02,9.16
2000-03-01,27.47,2000,3,March,1,2000-03,-0.85
2000-04-01,22.54,2000,4,April,2,2000-04,-17.95
2000-05-01,27.34,2000,5,May,2,2000-05,21.3
2000-06-01,29.68,2000,6,June,2,2000-06,8.55
2000-07-01,28.53,2000,7,July,3,2000-07,-3.87
2000-08-01,29.43,2000,8,August,3,2000-08,3.15
2000-09-01,32.62,2000,9,September,3,2000-09,10.84
2000-10-01,30.93,2000,10,October,4,2000-10,-5.18
2000-11-01,32.52,2000,11,November,4,2000-11,5.15
2000-12-01,25.13,2000,12,December,4,2000-12,-22.75
2001-01-01,25.64,2001,1,January,1,2001-01,2.03
2001-02-01,27.41,2001,2,February,1,2001-02,6.9
2001-03-01,24.4,2001,3,March,1,2001-03,-10.98
2001-04-01,25.64,2001,4,April,2,2001-04,5.11
2001-05-01,28.45,2001,5,May,2,2001-05,10.96
2001-06-01,27.72,2001,6,June,2,2001-06,-2.55
2001-07-01,24.54,2001,7,July,3,2001-07,-11.49
2001-08-01,25.7,2001,8,August,3,2001-08,4.73
2001-09-01,25.54,2001,9,September,3,2001-09,-0.6
2001-10-01,20.48,2001,10,October,4,2001-10,-19.83
2001-11-01,18.94,2001,11,November,4,2001-11,-7.5
2001-12-01,18.6,2001,12,December,4,2001-12,-1.78
2002-01-01,19.48,2002,1,January,1,2002-01,4.73
2002-02-01,20.29,2002,2,February,1,2002-02,4.14
2002-03-01,23.69,2002,3,March,1,2002-03,16.75
2002-04-01,25.65,2002,4,April,2,2002-04,8.29
2002-05-01,25.39,2002,5,May,2,2002-05,-1.04
2002-06-01,24.13,2002,6,June,2,2002-06,-4.96
2002-07-01,25.77,2002,7,July,3,2002-07,6.8
2002-08-01,26.63,2002,8,August,3,2002-08,3.36
2002-09-01,28.34,2002,9,September,3,2002-09,6.42
2002-10-01,27.55,2002,10,October,4,2002-10,-2.8
2002-11-01,24.18,2002,11,November,4,2002-11,-12.21
2002-12-01,28.52,2002,12,December,4,2002-12,17.93
2003-01-01,31.25,2003,1,January,1,2003-01,9.56
2003-02-01,32.65,2003,2,February,1,2003-02,4.49
2003-03-01,30.34,2003,3,March,1,2003-03,-7.07
2003-04-01,25.02,2003,4,April,2,2003-04,-17.55
2003-05-01,25.81,2003,5,May,2,2003-05,3.17
2003-06-01,27.55,2003,6,June,2,2003-06,6.73
2003-07-01,28.4,2003,7,July,3,2003-07,3.1
2003-08-01,29.83,2003,8,August,3,2003-08,5.03
2003-09-01,27.1,2003,9,September,3,2003-09,-9.14
2003-10-01,29.59,2003,10,October,4,2003-10,9.2
2003-11-01,28.77,2003,11,November,4,2003-11,-2.77
2003-12-01,29.93,2003,12,December,4,2003-12,4.01
2004-01-01,31.18,2004,1,January,1,2004-01,4.17
2004-02-01,30.87,2004,2,February,1,2004-02,-0.99
2004-03-01,33.8,2004,3,March,1,2004-03,9.5
2004-04-01,33.36,2004,4,April,2,2004-04,-1.29
2004-05-01,37.92,2004,5,May,2,2004-05,13.65
2004-06-01,35.19,2004,6,June,2,2004-06,-7.19
2004-07-01,38.37,2004,7,July,3,2004-07,9.03
2004-08-01,43.03,2004,8,August,3,2004-08,12.14
2004-09-01,43.38,2004,9,September,3,2004-09,0.82
2004-10-01,49.82,2004,10,October,4,2004-10,14.84
2004-11-01,43.05,2004,11,November,4,2004-11,-13.58
2004-12-01,39.64,2004,12,December,4,2004-12,-7.92
2005-01-01,44.28,2005,1,January,1,2005-01,11.7
2005-02-01,45.56,2005,2,February,1,2005-02,2.88
2005-03-01,53.08,2005,3,March,1,2005-03,16.52
2005-04-01,51.86,2005,4,April,2,2005-04,-2.31
2005-05-01,48.67,2005,5,May,2,2005-05,-6.15
2005-06-01,54.31,2005,6,June,2,2005-06,11.59
2005-07-01,57.58,2005,7,July,3,2005-07,6.03
2005-08-01,64.09,2005,8,August,3,2005-08,11.31
2005-09-01,62.98,2005,9,September,3,2005-09,-1.73
2005-10-01,58.52,2005,10,October,4,2005-10,-7.08
2005-11-01,55.54,2005,11,November,4,2005-11,-5.1
2005-12-01,56.75,2005,12,December,4,2005-12,2.18
2006-01-01,63.57,2006,1,January,1,2006-01,12.03
2006-02-01,59.92,2006,2,February,1,2006-02,-5.74
2006-03-01,62.25,2006,3,March,1,2006-03,3.89
2006-04-01,70.44,2006,4,April,2,2006-04,13.15
2006-05-01,70.19,2006,5,May,2,2006-05,-0.36
2006-06-01,68.86,2006,6,June,2,2006-06,-1.89
2006-07-01,73.9,2006,7,July,3,2006-07,7.32
2006-08-01,73.61,2006,8,August,3,2006-08,-0.39
2006-09-01,62.77,2006,9,September,3,2006-09,-14.73
2006-10-01,58.38,2006,10,October,4,2006-10,-7.0
2006-11-01,58.48,2006,11,November,4,2006-11,0.18
2006-12-01,62.31,2006,12,December,4,2006-12,6.55
2007-01-01,54.3,2007,1,January,1,2007-01,-12.86
2007-02-01,57.76,2007,2,February,1,2007-02,6.37
2007-03-01,62.14,2007,3,March,1,2007-03,7.59
2007-04-01,67.4,2007,4,April,2,2007-04,8.46
2007-05-01,67.48,2007,5,May,2,2007-05,0.12
2007-06-01,71.32,2007,6,June,2,2007-06,5.69
2007-07-01,77.2,2007,7,July,3,2007-07,8.26
2007-08-01,70.8,2007,8,August,3,2007-08,-8.3
2007-09-01,77.13,2007,9,September,3,2007-09,8.94
2007-10-01,82.86,2007,10,October,4,2007-10,7.43
2007-11-01,92.53,2007,11,November,4,2007-11,11.67
2007-12-01,91.45,2007,12,December,4,2007-12,-1.17
2008-01-01,91.92,2008,1,January,1,2008-01,0.51
2008-02-01,94.82,2008,2,February,1,2008-02,3.15
2008-03-01,103.28,2008,3,March,1,2008-03,8.92
2008-04-01,110.19,2008,4,April,2,2008-04,6.69
2008-05-01,123.94,2008,5,May,2,2008-05,12.48
2008-06-01,133.05,2008,6,June,2,2008-06,7.35
2008-07-01,133.87,2008,7,July,3,2008-07,0.62
2008-08-01,113.85,2008,8,August,3,2008-08,-14.96
2008-09-01,99.06,2008,9,September,3,2008-09,-12.99
2008-10-01,72.84,2008,10,October,4,2008-10,-26.47
2008-11-01,53.24,2008,11,November,4,2008-11,-26.91
2008-12-01,41.58,2008,12,December,4,2008-12,-21.9
2009-01-01,44.86,2009,1,January,1,2009-01,7.89
2009-02-01,43.24,2009,2,February,1,2009-02,-3.61
2009-03-01,46.84,2009,3,March,1,2009-03,8.32
2009-04-01,50.85,2009,4,April,2,2009-04,8.55
2009-05-01,57.94,2009,5,May,2,2009-05,13.96
2009-06-01,68.62,2009,6,June,2,2009-06,18.43
2009-07-01,64.91,2009,7,July,3,2009-07,-5.4
2009-08-01,72.5,2009,8,August,3,2009-08,11.7
2009-09-01,67.69,2009,9,September,3,2009-09,-6.65
2009-10-01,73.19,2009,10,October,4,2009-10,8.14
2009-11-01,77.04,2009,11,November,4,2009-11,5.25
2009-12-01,74.67,2009,12,December,4,2009-12,-3.07
2010-01-01,76.37,2010,1,January,1,2010-01,2.28
2010-02-01,74.31,2010,2,February,1,2010-02,-2.7
2010-03-01,79.27,2010,3,March,1,2010-03,6.68
2010-04-01,84.98,2010,4,April,2,2010-04,7.19
2010-05-01,76.25,2010,5,May,2,2010-05,-10.27
2010-06-01,74.84,2010,6,June,2,2010-06,-1.85
2010-07-01,74.74,2010,7,July,3,2010-07,-0.14
2010-08-01,76.69,2010,8,August,3,2010-08,2.62
2010-09-01,77.79,2010,9,September,3,2010-09,1.43
2010-10-01,82.92,2010,10,October,4,2010-10,6.6
2010-11-01,85.67,2010,11,November,4,2010-11,3.32
2010-12-01,91.8,2010,12,December,4,2010-12,7.15
2011-01-01,96.29,2011,1,January,1,2011-01,4.9
2011-02-01,103.96,2011,2,February,1,2011-02,7.96
2011-03-01,114.44,2011,3,March,1,2011-03,10.09
2011-04-01,123.07,2011,4,April,2,2011-04,7.54
2011-05-01,114.46,2011,5,May,2,2011-05,-7.0
2011-06-01,113.76,2011,6,June,2,2011-06,-0.61
2011-07-01,116.46,2011,7,July,3,2011-07,2.38
2011-08-01,110.08,2011,8,August,3,2011-08,-5.48
2011-09-01,110.88,2011,9,September,3,2011-09,0.72
2011-10-01,109.47,2011,10,October,4,2011-10,-1.27
2011-11-01,110.5,2011,11,November,4,2011-11,0.95
2011-12-01,107.91,2011,12,December,4,2011-12,-2.35
2012-01-01,111.16,2012,1,January,1,2012-01,3.01
2012-02-01,119.7,2012,2,February,1,2012-02,7.69
2012-03-01,124.93,2012,3,March,1,2012-03,4.37
2012-04-01,120.46,2012,4,April,2,2012-04,-3.57
2012-05-01,110.52,2012,5,May,2,2012-05,-8.25
2012-06-01,95.59,2012,6,June,2,2012-06,-13.51
2012-07-01,103.14,2012,7,July,3,2012-07,7.9
2012-08-01,113.34,2012,8,August,3,2012-08,9.89
2012-09-01,113.38,2012,9,September,3,2012-09,0.04
2012-10-01,111.97,2012,10,October,4,2012-10,-1.24
2012-11-01,109.71,2012,11,November,4,2012-11,-2.02
2012-12-01,109.68,2012,12,December,4,2012-12,-0.03
2013-01-01,112.97,2013,1,January,1,2013-01,3.01
2013-02-01,116.52,2013,2,February,1,2013-02,3.14
2013-03-01,109.24,2013,3,March,1,2013-03,-6.25
2013-04-01,102.88,2013,4,April,2,2013-04,-5.83
2013-05-01,103.03,2013,5,May,2,2013-05,0.15
2013-06-01,103.11,2013,6,June,2,2013-06,0.08
2013-07-01,107.72,2013,7,July,3,2013-07,4.47
2013-08-01,110.96,2013,8,August,3,2013-08,3.02
2013-09-01,111.62,2013,9,September,3,2013-09,0.59
2013-10-01,109.48,2013,10,October,4,2013-10,-1.92
2013-11-01,108.08,2013,11,November,4,2013-11,-1.28
2013-12-01,110.67,2013,12,December,4,2013-12,2.4
2014-01-01,107.42,2014,1,January,1,2014-01,-2.94
2014-02-01,108.81,2014,2,February,1,2014-02,1.29
2014-03-01,107.4,2014,3,March,1,2014-03,-1.3
2014-04-01,107.79,2014,4,April,2,2014-04,0.36
2014-05-01,109.68,2014,5,May,2,2014-05,1.75
2014-06-01,111.87,2014,6,June,2,2014-06,2.0
2014-07-01,106.98,2014,7,July,3,2014-07,-4.37
2014-08-01,101.92,2014,8,August,3,2014-08,-4.73
2014-09-01,97.34,2014,9,September,3,2014-09,-4.49
2014-10-01,87.27,2014,10,October,4,2014-10,-10.35
2014-11-01,78.44,2014,11,November,4,2014-11,-10.12
2014-12-01,62.33,2014,12,December,4,2014-12,-20.54
2015-01-01,48.07,2015,1,January,1,2015-01,-22.88
2015-02-01,57.93,2015,2,February,1,2015-02,20.51
2015-03-01,55.79,2015,3,March,1,2015-03,-3.69
2015-04-01,59.39,2015,4,April,2,2015-04,6.45
2015-05-01,64.56,2015,5,May,2,2015-05,8.71
2015-06-01,62.34,2015,6,June,2,2015-06,-3.44
2015-07-01,55.87,2015,7,July,3,2015-07,-10.38
2015-08-01,46.99,2015,8,August,3,2015-08,-15.89
2015-09-01,47.24,2015,9,September,3,2015-09,0.53
2015-10-01,48.12,2015,10,October,4,2015-10,1.86
2015-11-01,44.42,2015,11,November,4,2015-11,-7.69
2015-12-01,37.72,2015,12,December,4,2015-12,-15.08
2016-01-01,30.8,2016,1,January,1,2016-01,-18.35
2016-02-01,33.2,2016,2,February,1,2016-02,7.79
2016-03-01,39.07,2016,3,March,1,2016-03,17.68
2016-04-01,42.25,2016,4,April,2,2016-04,8.14
2016-05-01,47.13,2016,5,May,2,2016-05,11.55
2016-06-01,48.48,2016,6,June,2,2016-06,2.86
2016-07-01,45.07,2016,7,July,3,2016-07,-7.03
2016-08-01,46.14,2016,8,August,3,2016-08,2.37
2016-09-01,46.19,2016,9,September,3,2016-09,0.11
2016-10-01,49.73,2016,10,October,4,2016-10,7.66
2016-11-01,46.44,2016,11,November,4,2016-11,-6.62
2016-12-01,54.07,2016,12,December,4,2016-12,16.43
2017-01-01,54.89,2017,1,January,1,2017-01,1.52
2017-02-01,55.49,2017,2,February,1,2017-02,1.09
2017-03-01,51.97,2017,3,March,1,2017-03,-6.34
2017-04-01,52.98,2017,4,April,2,2017-04,1.94
2017-05-01,50.87,2017,5,May,2,2017-05,-3.98
2017-06-01,46.89,2017,6,June,2,2017-06,-7.82
2017-07-01,48.69,2017,7,July,3,2017-07,3.84
2017-08-01,51.37,2017,8,August,3,2017-08,5.5
2017-09-01,55.16,2017,9,September,3,2017-09,7.38
2017-10-01,57.62,2017,10,October,4,2017-10,4.46
2017-11-01,62.57,2017,11,November,4,2017-11,8.59
2017-12-01,64.21,2017,12,December,4,2017-12,2.62
2018-01-01,68.99,2018,1,January,1,2018-01,7.44
2018-02-01,65.42,2018,2,February,1,2018-02,-5.17
2018-03-01,66.45,2018,3,March,1,2018-03,1.57
2018-04-01,71.63,2018,4,April,2,2018-04,7.8
2018-05-01,76.65,2018,5,May,2,2018-05,7.01
2018-06-01,75.19,2018,6,June,2,2018-06,-1.9
2018-07-01,74.44,2018,7,July,3,2018-07,-1.0
2018-08-01,73.13,2018,8,August,3,2018-08,-1.76
2018-09-01,78.86,2018,9,September,3,2018-09,7.84
2018-10-01,80.47,2018,10,October,4,2018-10,2.04
2018-11-01,65.17,2018,11,November,4,2018-11,-19.01
2018-12-01,56.46,2018,12,December,4,2018-12,-13.37
2019-01-01,59.27,2019,1,January,1,2019-01,4.98
2019-02-01,64.13,2019,2,February,1,2019-02,8.2
2019-03-01,66.41,2019,3,March,1,2019-03,3.56
2019-04-01,71.2,2019,4,April,2,2019-04,7.21
2019-05-01,70.53,2019,5,May,2,2019-05,-0.94
2019-06-01,63.3,2019,6,June,2,2019-06,-10.25
2019-07-01,64.0,2019,7,July,3,2019-07,1.11
2019-08-01,59.25,2019,8,August,3,2019-08,-7.42
2019-09-01,62.33,2019,9,September,3,2019-09,5.2
2019-10-01,59.37,2019,10,October,4,2019-10,-4.75
2019-11-01,62.74,2019,11,November,4,2019-11,5.68
2019-12-01,65.85,2019,12,December,4,2019-12,4.96
2020-01-01,63.6,2020,1,January,1,2020-01,-3.42
2020-02-01,55.0,2020,2,February,1,2020-02,-13.52
2020-03-01,32.98,2020,3,March,1,2020-03,-40.04
2020-04-01,23.34,2020,4,April,2,2020-04,-29.23
2020-05-01,31.02,2020,5,May,2,2020-05,32.9
2020-06-01,39.93,2020,6,June,2,2020-06,28.72
2020-07-01,42.81,2020,7,July,3,2020-07,7.21
2020-08-01,44.26,2020,8,August,3,2020-08,3.39
2020-09-01,41.09,2020,9,September,3,2020-09,-7.16
2020-10-01,40.47,2020,10,October,4,2020-10,-1.51
2020-11-01,43.23,2020,11,November,4,2020-11,6.82
2020-12-01,49.87,2020,12,December,4,2020-12,15.36
2021-01-01,54.55,2021,1,January,1,2021-01,9.38
2021-02-01,61.96,2021,2,February,1,2021-02,13.58
2021-03-01,65.19,2021,3,March,1,2021-03,5.21
2021-04-01,64.77,2021,4,April,2,2021-04,-0.64
2021-05-01,68.04,2021,5,May,2,2021-05,5.05
2021-06-01,73.07,2021,6,June,2,2021-06,7.39
2021-07-01,74.39,2021,7,July,3,2021-07,1.81
2021-08-01,70.02,2021,8,August,3,2021-08,-5.87
2021-09-01,74.6,2021,9,September,3,2021-09,6.54
2021-10-01,83.65,2021,10,October,4,2021-10,12.13
2021-11-01,80.77,2021,11,November,4,2021-11,-3.44
2021-12-01,74.31,2021,12,December,4,2021-12,-8.0
2022-01-01,85.53,2022,1,January,1,2022-01,15.1
2022-02-01,95.76,2022,2,February,1,2022-02,11.96
2022-03-01,115.59,2022,3,March,1,2022-03,20.71
2022-04-01,105.78,2022,4,April,2,2022-04,-8.49
2022-05-01,112.37,2022,5,May,2,2022-05,6.23
2022-06-01,120.08,2022,6,June,2,2022-06,6.86
2022-07-01,108.92,2022,7,July,3,2022-07,-9.29
2022-08-01,98.6,2022,8,August,3,2022-08,-9.47
2022-09-01,90.16,2022,9,September,3,2022-09,-8.56
2022-10-01,93.13,2022,10,October,4,2022-10,3.29
2022-11-01,91.07,2022,11,November,4,2022-11,-2.21
2022-12-01,80.9,2022,12,December,4,2022-12,-11.17
2023-01-01,83.09,2023,1,January,1,2023-01,2.71
2023-02-01,82.71,2023,2,February,1,2023-02,-0.46
2023-03-01,78.53,2023,3,March,1,2023-03,-5.05
2023-04-01,84.11,2023,4,April,2,2023-04,7.11
2023-05-01,75.7,2023,5,May,2,2023-05,-10.0
2023-06-01,74.89,2023,6,June,2,2023-06,-1.07
2023-07-01,80.1,2023,7,July,3,2023-07,6.96
2023-08-01,86.16,2023,8,August,3,2023-08,7.57
2023-09-01,94.0,2023,9,September,3,2023-09,9.1
2023-10-01,91.06,2023,10,October,4,2023-10,-3.13
2023-11-01,83.18,2023,11,November,4,2023-11,-8.65
2023-12-01,77.86,2023,12,December,4,2023-12,-6.4
2024-01-01,80.23,2024,1,January,1,2024-01,3.04
2024-02-01,83.76,2024,2,February,1,2024-02,4.41
2024-03-01,85.45,2024,3,March,1,2024-03,2.01
2024-04-01,90.05,2024,4,April,2,2024-04,5.39
2024-05-01,82.0,2024,5,May,2,2024-05,-8.95
2024-06-01,82.56,2024,6,June,2,2024-06,0.68
2024-07-01,85.3,2024,7,July,3,2024-07,3.32
2024-08-01,80.86,2024,8,August,3,2024-08,-5.2
2024-09-01,74.29,2024,9,September,3,2024-09,-8.12
2024-10-01,75.66,2024,10,October,4,2024-10,1.84
2024-11-01,74.4,2024,11,November,4,2024-11,-1.67
2024-12-01,73.83,2024,12,December,4,2024-12,-0.76
2025-01-01,79.21,2025,1,January,1,2025-01,7.28
2025-02-01,75.16,2025,2,February,1,2025-02,-5.11
2025-03-01,72.57,2025,3,March,1,2025-03,-3.44
2025-04-01,67.74,2025,4,April,2,2025-04,-6.65
2025-05-01,64.21,2025,5,May,2,2025-05,-5.22
2025-06-01,71.45,2025,6,June,2,2025-06,11.28
2025-07-01,70.95,2025,7,July,3,2025-07,-0.7
2025-08-01,68.2,2025,8,August,3,2025-08,-3.87
2025-09-01,67.95,2025,9,September,3,2025-09,-0.37
2025-10-01,64.65,2025,10,October,4,2025-10,-4.86
2025-11-01,63.61,2025,11,November,4,2025-11,-1.61
2025-12-01,62.72,2025,12,December,4,2025-12,-1.4
2026-01-01,66.77,2026,1,January,1,2026-01,6.45
2026-02-01,71.11,2026,2,February,1,2026-02,6.51
2026-03-01,103.69,2026,3,March,1,2026-03,45.81
2026-04-01,120.42,2026,4,April,2,2026-04,16.14
